,IPC1,IPC2,IPC3,IAC1,IAC2,LLC1,LLC2,ISK1,ISK3,IAS1,IT2,IT3,IB1,IE1,IE2,ILR1,label
0,69,63,78,87,94,94,87,84,4,7.9,1.0,0.0,0.0,0.0,0.0,0,0
1,78,62,73,60,71,70,73,84,7,5.4,2.0,0.0,0.0,0.0,0.0,0,1
2,71,86,91,87,61,81,72,72,1,5.2,7.0,0.0,0.0,0.0,0.0,0,0
3,76,87,60,84,89,73,62,88,1,8.5,10.0,0.0,0.0,0.0,0.0,1,0
4,92,62,90,67,71,89,73,71,5,8.8,6.0,0.0,0.0,0.0,0.0,0,0
5,88,86,62,79,93,84,69,71,5,8.8,0.0,0.0,0.0,0.0,0.0,0,1
6,93,77,69,79,90,93,73,63,3,8.6,1.0,0.0,0.0,0.0,0.0,0,2
7,84,72,88,62,66,63,78,94,2,8.8,5.0,0.0,0.0,0.0,0.0,0,0
8,73,66,66,81,81,69,61,87,5,0.4,4.0,0.0,0.0,0.0,0.0,1,2
9,62,76,85,91,82,69,63,63,9,8.8,3.0,0.0,0.0,0.0,0.0,1,2
10,73,80,70,83,61,82,75,94,6,6.6,3.0,0.0,0.0,0.0,0.0,0,2
11,63,76,81,90,70,72,86,89,3,5.9,4.0,0.0,0.0,0.0,0.0,1,0
12,63,64,61,67,61,70,65,64,2,6.1,5.0,0.0,0.0,0.0,0.0,1,2
13,68,93,77,60,77,81,67,81,5,7.2,11.0,0.0,0.0,0.0,0.0,0,2
14,90,83,66,71,65,67,86,63,6,8.7,13.0,0.0,0.0,0.0,0.0,1,2
15,94,71,63,74,61,69,65,62,7,6.2,11.0,0.0,0.0,0.0,0.0,1,0
16,60,92,94,90,62,94,62,73,7,5.0,6.0,0.0,0.0,0.0,0.0,0,1
17,92,86,61,63,64,65,92,65,9,6.2,2.0,0.0,0.0,0.0,0.0,0,0
18,82,91,68,86,78,61,91,82,8,3.8,9.0,0.0,0.0,0.0,0.0,0,1
19,90,73,90,67,63,88,67,60,6,2.9,9.0,0.0,0.0,0.0,0.0,1,0
20,67,61,66,62,93,91,88,88,5,6.0,4.0,0.0,0.0,0.0,0.0,1,2
21,65,61,73,90,89,74,82,60,8,6.0,2.0,0.0,0.0,0.0,0.0,0,2
22,84,62,70,70,67,65,78,61,9,8.3,3.0,0.0,0.0,0.0,0.0,1,0
23,74,89,66,75,86,61,63,80,9,8.2,5.0,0.0,0.0,0.0,0.0,1,2
24,92,67,76,92,69,90,80,77,7,7.7,8.0,0.0,0.0,0.0,0.0,1,2
25,75,74,85,93,92,80,87,78,5,7.7,5.0,0.0,0.0,0.0,0.0,1,0
26,90,82,75,72,84,79,83,68,8,8.6,8.0,0.0,0.0,0.0,0.0,0,1
27,71,60,93,79,78,93,90,76,9,8.7,1.0,0.0,0.0,0.0,0.0,0,0
28,83,82,64,70,93,73,87,83,1,7.7,1.0,0.0,0.0,0.0,0.0,0,1
29,83,68,70,90,85,75,90,92,3,5.3,1.0,0.0,0.0,0.0,0.0,1,2
30,89,88,65,78,87,63,75,71,2,6.8,6.0,0.0,0.0,0.0,0.0,1,1
31,74,70,93,85,82,94,71,93,5,6.8,6.0,0.0,0.0,0.0,0.0,0,2
32,80,85,68,64,86,62,78,87,7,6.5,4.0,0.0,0.0,0.0,0.0,0,0
33,70,67,64,82,77,72,87,68,9,5.1,2.0,0.0,0.0,0.0,0.0,0,2
34,76,63,84,85,61,76,65,87,8,5.4,7.0,0.0,0.0,0.0,0.0,0,0
35,66,74,78,85,68,69,86,83,8,5.0,3.0,0.0,0.0,0.0,0.0,1,0
36,83,83,62,82,61,77,89,82,3,5.4,1.0,0.0,0.0,0.0,0.0,0,2
37,66,71,72,60,93,65,81,78,8,6.1,3.0,0.0,0.0,0.0,0.0,0,2
38,70,71,65,84,86,72,79,68,8,5.6,2.0,0.0,0.0,0.0,0.0,1,1
39,78,85,80,85,83,74,82,70,6,6.4,5.0,0.0,0.0,0.0,0.0,1,2
40,74,67,94,65,94,83,93,81,5,8.9,7.0,0.0,0.0,0.0,0.0,1,0
41,85,74,70,69,87,92,71,94,9,8.0,2.0,0.0,0.0,0.0,0.0,1,0
42,61,71,77,82,70,65,65,60,3,6.3,0.0,0.0,0.0,0.0,0.0,1,1
43,71,83,80,71,85,60,63,93,7,6.3,0.0,0.0,0.0,0.0,0.0,0,1
44,67,83,86,63,82,71,70,64,9,6.0,2.0,0.0,0.0,0.0,0.0,1,0
45,76,82,76,62,94,90,92,79,5,6.3,2.0,0.0,0.0,0.0,0.0,1,1
46,69,81,74,62,60,82,82,75,7,7.3,2.0,0.0,0.0,0.0,0.0,0,0
47,81,83,63,78,66,63,75,85,7,5.3,5.0,0.0,0.0,0.0,0.0,1,1
48,79,73,77,91,84,68,82,63,7,6.4,2.0,0.0,0.0,0.0,0.0,1,2
49,73,78,76,75,71,66,92,91,5,3.2,0.0,0.0,0.0,0.0,0.0,1,2
50,69,71,88,82,88,71,83,93,2,6.2,8.0,0.0,0.0,0.0,0.0,0,2
51,75,84,63,90,77,81,71,63,4,6.6,8.0,0.0,0.0,0.0,0.0,1,1
52,73,69,63,90,64,60,80,78,5,6.5,2.0,0.0,0.0,0.0,0.0,1,2
53,62,92,83,84,93,68,88,74,8,5.3,0.0,0.0,0.0,0.0,0.0,1,1
54,69,73,86,91,77,60,84,67,3,5.5,2.0,0.0,0.0,0.0,0.0,1,2
55,69,62,64,67,71,87,79,60,6,8.2,1.0,0.0,0.0,0.0,0.0,1,2
56,65,78,80,93,87,60,85,67,3,5.6,1.0,0.0,0.0,0.0,0.0,1,2
57,76,87,80,67,66,66,80,74,9,5.8,3.0,0.0,0.0,0.0,0.0,1,1
58,74,85,64,72,67,64,62,73,5,7.8,6.0,0.0,0.0,0.0,0.0,1,2
59,86,63,73,94,70,67,91,92,3,7.7,9.0,0.0,0.0,0.0,0.0,0,2
60,64,69,76,62,63,67,86,66,7,6.2,11.0,0.0,0.0,0.0,0.0,1,0
61,93,94,70,85,68,91,69,78,2,7.6,4.0,0.0,0.0,0.0,0.0,1,0
62,94,74,75,74,65,74,63,85,6,8.4,7.0,0.0,0.0,0.0,0.0,1,1
63,88,62,67,73,90,80,76,67,1,6.5,5.0,0.0,0.0,0.0,0.0,0,2
64,76,91,84,66,84,87,61,79,2,6.3,3.0,0.0,0.0,0.0,0.0,0,1
65,80,75,83,75,85,62,74,70,8,5.7,1.0,0.0,0.0,0.0,0.0,0,2
66,75,74,72,90,94,86,64,75,3,4.6,3.0,0.0,0.0,0.0,0.0,0,0
67,69,67,68,80,84,67,76,80,7,5.2,5.0,0.0,0.0,0.0,0.0,1,2
68,83,84,66,70,64,83,90,61,3,6.9,8.0,0.0,0.0,0.0,0.0,1,1
69,88,72,79,90,70,75,77,81,6,7.4,3.0,0.0,0.0,0.0,0.0,1,2
70,83,66,93,68,74,66,81,71,7,7.8,5.0,0.0,0.0,0.0,0.0,1,0
71,83,68,63,61,70,75,74,92,4,7.9,4.0,0.0,0.0,0.0,0.0,0,1
72,89,89,68,63,75,86,87,63,5,8.0,8.0,0.0,0.0,0.0,0.0,1,0
73,90,61,75,93,90,85,85,66,1,5.4,5.0,0.0,0.0,0.0,0.0,0,2
74,91,62,71,87,64,68,90,73,9,5.3,6.0,0.0,0.0,0.0,0.0,0,2
75,66,69,63,81,80,90,81,71,5,7.9,4.0,0.0,0.0,0.0,0.0,1,1
76,61,74,91,81,80,93,90,94,2,5.4,11.0,0.0,0.0,0.0,0.0,0,2
77,92,74,71,68,84,63,88,89,6,5.1,15.0,0.0,0.0,0.0,0.0,1,0
78,64,74,91,73,68,76,62,82,5,8.8,8.0,0.0,0.0,0.0,0.0,1,2
79,72,85,77,88,91,88,78,91,5,8.8,6.0,0.0,0.0,0.0,0.0,1,1
80,74,86,65,84,66,84,62,69,6,8.8,7.0,0.0,0.0,0.0,0.0,0,0
81,88,80,67,91,66,84,61,62,7,5.2,2.0,0.0,0.0,0.0,0.0,1,0
82,76,75,78,86,94,84,64,92,9,8.2,4.0,0.0,0.0,0.0,0.0,0,1
83,73,68,91,92,87,65,94,90,7,8.6,7.0,0.0,0.0,0.0,0.0,1,0
84,63,61,79,91,78,83,76,66,6,8.9,5.0,0.0,0.0,0.0,0.0,0,0
85,60,64,93,93,81,89,81,63,8,7.167000000000001,3.0,0.0,0.0,0.0,0.0,1,2
86,76,93,65,63,86,88,88,93,4,7.0329999999999995,4.0,0.0,0.0,0.0,0.0,1,1
87,72,92,90,67,64,83,60,87,9,7.132999999999999,2.0,0.0,0.0,0.0,0.0,0,2
88,85,67,77,91,64,92,84,83,6,6.567,5.0,0.0,0.0,0.0,0.0,0,0
89,81,84,69,71,88,60,75,93,3,7.242999999999999,8.0,0.0,0.0,0.0,0.0,1,0
90,82,65,74,93,72,73,67,83,2,8.2,4.0,0.0,0.0,0.0,0.0,0,0
91,74,69,86,77,75,76,81,94,7,8.5,2.0,0.0,0.0,0.0,0.0,1,0
92,70,64,73,76,76,88,71,75,9,8.6,6.0,0.0,0.0,0.0,0.0,1,0
93,71,67,61,65,68,61,72,86,5,6.565,1.0,0.0,0.0,0.0,0.0,0,2
94,77,92,70,91,83,65,84,61,1,6.6,3.0,0.0,0.0,0.0,0.0,0,2
95,60,85,74,91,66,86,79,63,1,6.724,4.0,0.0,0.0,0.0,0.0,1,2
96,91,94,76,84,65,71,72,81,2,7.19,3.0,0.0,0.0,0.0,0.0,1,2
97,66,67,71,67,80,85,68,90,2,6.61,2.0,0.0,0.0,0.0,0.0,0,0
98,71,85,61,87,69,80,64,70,7,6.56,3.0,0.0,0.0,0.0,0.0,0,1
99,82,69,71,80,72,94,60,66,2,7.045,3.0,0.0,0.0,0.0,0.0,0,0
100,81,91,93,69,86,74,80,70,2,7.632999999999999,1.0,0.0,0.0,0.0,0.0,0,1
101,73,60,94,70,88,80,94,81,8,7.124,1.0,0.0,0.0,0.0,0.0,1,0
102,81,79,87,79,71,84,81,61,7,7.267,1.0,0.0,0.0,0.0,0.0,0,2
103,60,77,90,94,94,84,70,64,3,8.9,0.0,0.0,0.0,0.0,0.0,1,0
104,78,62,85,92,67,76,74,71,2,5.4,0.0,0.0,0.0,0.0,0.0,1,1
105,91,76,85,64,88,90,87,88,8,4.0,0.0,0.0,0.0,0.0,0.0,0,2
106,92,69,62,67,83,74,94,66,9,6.7,5.0,0.0,0.0,0.0,0.0,1,2
107,81,64,61,82,76,71,73,74,7,6.4,2.0,0.0,0.0,0.0,0.0,0,2
108,78,90,65,84,82,75,76,65,2,0.0,0.0,0.0,0.0,0.0,0.0,1,1
109,83,67,76,86,85,68,89,93,8,0.0,0.0,0.0,0.0,0.0,0.0,0,2
110,69,91,87,70,86,91,89,81,8,0.0,5.0,0.0,0.0,0.0,0.0,0,0
111,63,93,69,61,82,74,87,84,6,9.0,5.0,0.0,0.0,0.0,0.0,1,2
112,77,86,67,84,90,77,93,66,6,7.6,9.0,0.0,0.0,0.0,0.0,0,0
113,69,72,60,62,66,94,68,78,6,7.3,3.0,0.0,0.0,0.0,0.0,1,1
114,73,90,75,66,86,61,81,94,6,4.7,3.0,0.0,0.0,0.0,0.0,1,1
115,65,73,66,77,61,92,72,63,4,4.7,5.0,0.0,0.0,0.0,0.0,1,0
116,77,70,87,80,70,86,93,66,8,4.0,7.0,0.0,0.0,0.0,0.0,0,0
117,64,67,79,71,71,64,67,93,7,6.5,6.0,0.0,0.0,0.0,0.0,0,1
118,67,86,84,70,76,61,66,70,1,6.5,2.0,0.0,0.0,0.0,0.0,1,0
119,83,68,92,77,60,85,74,61,6,4.8,5.0,0.0,0.0,0.0,0.0,0,0
120,81,60,86,85,78,62,81,63,3,7.36,7.0,0.0,0.0,0.0,0.0,1,0
121,88,76,66,84,61,65,61,70,7,7.57,8.0,0.0,0.0,0.0,0.0,0,1
122,72,76,78,91,72,62,64,62,7,5.27,5.0,0.0,0.0,0.0,0.0,0,0
123,85,89,78,83,66,85,79,75,3,7.62,2.0,0.0,0.0,0.0,0.0,1,2
124,90,80,80,62,81,68,60,64,9,8.0,5.0,0.0,0.0,0.0,0.0,0,2
125,69,82,79,79,93,74,94,89,7,7.88,5.0,0.0,0.0,0.0,0.0,0,0
126,66,93,73,82,70,74,90,63,2,8.05,9.0,0.0,0.0,0.0,0.0,0,1
127,87,69,65,79,72,66,64,60,7,7.2,3.0,0.0,0.0,0.0,0.0,0,0
128,83,74,60,88,86,63,89,62,3,7.27,2.0,0.0,0.0,0.0,0.0,0,1
129,60,82,79,84,80,81,73,90,9,7.3,7.0,0.0,0.0,0.0,0.0,0,1
130,71,93,70,64,69,60,73,94,1,6.6,6.0,0.0,0.0,0.0,0.0,0,0
131,89,92,74,87,67,63,92,70,4,6.68,3.0,0.0,0.0,0.0,0.0,1,1
132,91,75,79,69,60,73,70,76,7,6.75,2.0,0.0,0.0,0.0,0.0,1,0
133,61,65,75,88,72,60,68,76,6,6.92,6.0,0.0,0.0,0.0,0.0,1,2
134,83,68,60,88,81,62,67,63,5,6.98,2.0,0.0,0.0,0.0,0.0,0,0
135,93,87,78,88,73,68,94,76,7,7.03,7.0,0.0,0.0,0.0,0.0,1,1
136,66,88,71,65,78,84,65,69,3,6.76,6.0,0.0,0.0,0.0,0.0,0,0
137,65,79,64,84,79,74,76,74,7,6.63,1.0,0.0,0.0,0.0,0.0,0,1
138,83,84,82,60,88,93,92,85,2,6.77,4.0,0.0,0.0,0.0,0.0,1,2
139,91,83,62,89,87,94,84,75,8,6.95,7.0,0.0,0.0,0.0,0.0,1,0
140,84,67,93,64,76,62,81,74,3,8.4,1.0,0.0,0.0,0.0,0.0,0,0
141,90,74,80,69,70,70,93,92,1,8.8,6.0,0.0,0.0,0.0,0.0,1,1
142,79,80,66,73,87,87,60,80,1,8.1,1.0,0.0,0.0,0.0,0.0,1,0
143,82,79,76,70,66,65,89,73,2,8.5,7.0,0.0,0.0,0.0,0.0,0,2
144,77,92,64,67,82,81,94,73,2,9.4,8.0,0.0,0.0,0.0,0.0,0,0
145,94,85,68,74,60,72,67,78,7,9.4,4.0,0.0,0.0,0.0,0.0,0,0
146,86,89,67,74,73,74,81,76,5,7.5,4.0,0.0,0.0,0.0,0.0,1,1
147,63,87,86,92,70,84,63,60,3,4.8,4.0,0.0,0.0,0.0,0.0,1,0
148,74,76,75,91,76,72,93,84,1,8.4,8.0,0.0,0.0,0.0,0.0,0,1
149,65,68,73,70,79,80,92,79,2,8.4,8.0,0.0,0.0,0.0,0.0,1,0
150,92,81,75,77,74,63,94,92,8,7.9,5.0,0.0,0.0,0.0,0.0,1,0
151,74,73,78,88,72,66,69,67,6,6.4,9.0,0.0,0.0,0.0,0.0,0,2
152,85,88,64,78,82,71,65,76,8,6.8,3.0,0.0,0.0,0.0,0.0,1,1
153,63,64,77,84,63,90,83,90,9,5.7,6.0,0.0,0.0,0.0,0.0,1,1
154,61,69,65,64,91,82,86,66,2,5.4,3.0,0.0,0.0,0.0,0.0,0,0
155,60,84,74,93,76,86,85,91,9,5.1,1.0,0.0,0.0,0.0,0.0,1,2
156,92,89,79,85,71,72,86,65,4,8.8,8.0,0.0,0.0,0.0,0.0,0,2
157,76,63,62,86,87,89,92,80,2,0.0,8.0,0.0,0.0,0.0,0.0,1,2
158,87,94,90,84,74,85,85,73,9,0.0,7.0,0.0,0.0,0.0,0.0,0,0
159,67,87,75,76,83,74,83,94,3,0.0,9.0,0.0,0.0,0.0,0.0,1,2
160,69,88,82,76,65,85,81,84,2,8.6,6.0,0.0,0.0,0.0,0.0,1,0
161,72,63,80,65,89,92,74,68,3,8.5,3.0,0.0,0.0,0.0,0.0,1,2
162,88,68,84,83,87,73,60,71,7,8.4,1.0,0.0,0.0,0.0,0.0,0,2
163,60,93,83,82,85,93,84,83,2,8.3,2.0,0.0,0.0,0.0,0.0,1,1
164,66,77,78,79,85,80,92,68,8,6.2,2.0,0.0,0.0,0.0,0.0,1,0
165,64,63,84,93,92,77,82,84,6,6.45,1.0,0.0,0.0,0.0,0.0,0,0
166,74,71,63,73,72,77,61,64,1,6.07,2.0,0.0,0.0,0.0,0.0,0,2
167,90,89,81,86,79,82,88,69,4,8.16,6.0,0.0,0.0,0.0,0.0,1,2
168,62,71,78,87,74,93,77,62,9,7.36,6.0,0.0,0.0,0.0,0.0,0,2
169,60,80,88,88,76,83,70,77,5,7.57,9.0,0.0,0.0,0.0,0.0,1,1
170,92,75,74,64,91,89,60,84,8,5.27,4.0,0.0,0.0,0.0,0.0,0,1
171,77,82,77,68,70,61,89,87,4,7.62,3.0,0.0,0.0,0.0,0.0,0,0
172,76,65,84,75,85,90,73,86,8,8.0,8.0,0.0,0.0,0.0,0.0,0,1
173,71,75,76,77,71,82,65,78,3,7.88,1.0,0.0,0.0,0.0,0.0,0,2
174,69,63,74,77,63,73,77,65,9,8.05,9.0,0.0,0.0,0.0,0.0,0,2
175,64,80,69,60,92,67,84,78,7,7.2,2.0,0.0,0.0,0.0,0.0,1,1
176,72,68,85,84,64,80,63,92,3,7.27,5.0,0.0,0.0,0.0,0.0,1,1
177,91,78,84,65,69,90,75,82,7,7.3,6.0,0.0,0.0,0.0,0.0,0,2
178,62,88,76,82,90,87,78,68,8,6.6,7.0,0.0,0.0,0.0,0.0,1,1
179,61,90,65,71,66,90,60,91,1,6.68,3.0,0.0,0.0,0.0,0.0,0,2
180,87,90,90,80,67,89,63,61,3,6.75,5.0,0.0,0.0,0.0,0.0,1,1
181,60,94,91,76,79,92,94,92,4,6.92,7.0,0.0,0.0,0.0,0.0,1,1
182,60,72,88,83,93,77,70,74,7,6.98,8.0,0.0,0.0,0.0,0.0,0,2
183,75,75,90,68,62,82,63,91,8,7.03,3.0,0.0,0.0,0.0,0.0,0,2
184,66,89,91,69,79,73,83,69,3,6.76,2.0,0.0,0.0,0.0,0.0,1,0
185,64,91,60,68,91,84,79,91,1,6.63,1.0,0.0,0.0,0.0,0.0,1,0
186,80,63,78,78,71,64,64,83,2,6.77,7.0,0.0,0.0,0.0,0.0,1,2
187,66,67,94,93,62,62,87,67,1,6.9,9.0,0.0,0.0,0.0,0.0,0,2
188,85,81,85,88,64,76,88,82,2,7.7,2.0,0.0,0.0,0.0,0.0,1,1
189,84,92,64,76,86,63,68,64,7,7.1,8.0,0.0,0.0,0.0,0.0,0,2
190,74,80,83,79,89,79,71,75,8,8.2,1.0,0.0,0.0,0.0,0.0,1,0
191,61,74,93,84,79,66,80,93,9,8.3,7.0,0.0,0.0,0.0,0.0,1,1
192,64,81,78,92,72,82,70,92,5,5.1,1.0,0.0,0.0,0.0,0.0,0,1
193,79,70,91,84,66,67,69,78,8,5.4,4.0,0.0,0.0,0.0,0.0,0,1
194,85,92,61,93,74,91,68,70,1,5.3,4.0,0.0,0.0,0.0,0.0,0,2
195,94,69,81,79,90,78,88,74,2,7.9,9.0,0.0,0.0,0.0,0.0,1,1
196,88,67,68,72,73,68,87,79,4,5.4,5.0,0.0,0.0,0.0,0.0,1,2
197,90,87,73,76,64,83,69,92,7,5.1,2.0,0.0,0.0,0.0,0.0,0,1
198,76,81,77,82,79,85,92,84,9,8.8,5.0,0.0,0.0,0.0,0.0,1,2
199,73,69,78,75,90,65,86,75,4,8.8,2.0,0.0,0.0,0.0,0.0,0,1
200,92,68,75,66,79,88,92,72,8,8.8,5.0,0.0,0.0,0.0,0.0,0,2
201,88,62,78,61,69,62,86,65,4,5.2,3.0,0.0,0.0,0.0,0.0,1,2
202,69,72,80,78,92,91,76,74,2,8.2,1.0,0.0,0.0,0.0,0.0,1,1
203,84,65,76,72,91,91,61,92,8,8.6,5.0,0.0,0.0,0.0,0.0,1,0
204,89,80,70,60,60,72,88,63,9,8.9,1.0,0.0,0.0,0.0,0.0,0,0
205,89,65,86,78,70,70,65,89,7,7.2,7.0,0.0,0.0,0.0,0.0,1,1
206,67,63,70,78,80,64,94,73,8,6.3,7.0,0.0,0.0,0.0,0.0,1,2
207,91,87,73,64,65,66,74,80,6,7.7,9.0,0.0,0.0,0.0,0.0,1,2
208,94,67,72,81,90,93,93,84,9,8.7,6.0,0.0,0.0,0.0,0.0,0,0
209,80,66,67,62,89,91,87,90,8,9.0,1.0,0.0,0.0,0.0,0.0,1,2
210,72,72,67,80,68,72,87,65,2,8.0,2.0,0.0,0.0,0.0,0.0,0,0
211,65,82,71,92,69,71,68,74,1,7.0,4.0,0.0,0.0,0.0,0.0,1,2
212,79,68,69,70,91,91,77,80,4,7.6,5.0,0.0,0.0,0.0,0.0,1,2
213,91,65,84,76,81,77,75,94,1,6.7,2.0,0.0,0.0,0.0,0.0,0,1
214,81,66,79,77,90,64,87,85,7,5.6,5.0,0.0,0.0,0.0,0.0,1,2
215,86,65,85,61,79,75,69,90,3,6.5,9.0,0.0,0.0,0.0,0.0,0,2
216,91,80,79,78,82,71,89,62,7,7.5,5.0,0.0,0.0,0.0,0.0,1,0
217,60,81,64,73,74,86,86,85,7,7.3,1.0,0.0,0.0,0.0,0.0,0,1
218,80,90,86,64,71,70,89,84,1,9.3,9.0,0.0,0.0,0.0,0.0,0,2
219,89,63,83,87,69,71,74,82,6,9.4,4.0,0.0,0.0,0.0,0.0,1,2
220,92,72,79,83,79,88,76,78,5,5.4,4.0,0.0,0.0,0.0,0.0,0,0
221,64,61,68,85,69,83,76,86,9,9.7,7.0,0.0,0.0,0.0,0.0,1,1
222,91,69,88,78,77,86,71,72,4,7.2,5.0,0.0,0.0,0.0,0.0,1,2
223,67,93,75,85,94,92,87,67,6,6.9,5.0,0.0,0.0,0.0,0.0,0,0
224,66,77,87,65,87,71,66,68,7,7.7,8.0,0.0,0.0,0.0,0.0,1,0
225,80,78,60,91,80,75,80,63,7,7.1,4.0,0.0,0.0,0.0,0.0,0,0
226,94,90,69,64,67,86,94,72,7,8.2,4.0,0.0,0.0,0.0,0.0,0,2
227,76,85,85,91,79,74,84,73,9,8.3,4.0,0.0,0.0,0.0,0.0,1,0
228,77,73,82,70,78,73,76,87,7,5.1,4.0,0.0,0.0,0.0,0.0,1,2
229,89,78,75,62,86,76,93,82,8,5.4,7.0,0.0,0.0,0.0,0.0,0,0
230,93,89,80,80,86,94,66,65,8,5.3,2.0,0.0,0.0,0.0,0.0,0,2
231,93,60,82,77,79,74,73,64,4,7.9,9.0,0.0,0.0,0.0,0.0,0,2
232,71,62,69,86,74,85,62,74,7,5.4,2.0,0.0,0.0,0.0,0.0,0,0
233,92,87,88,61,67,87,82,62,4,5.1,5.0,0.0,0.0,0.0,0.0,1,1
234,87,69,94,83,67,81,76,60,1,8.8,9.0,0.0,0.0,0.0,0.0,0,0
235,77,63,80,81,82,81,80,81,8,8.8,6.0,0.0,0.0,0.0,0.0,0,1
236,70,60,80,69,65,84,88,87,3,8.8,5.0,0.0,0.0,0.0,0.0,1,1
237,91,67,92,74,93,88,80,71,1,5.2,2.0,0.0,0.0,0.0,0.0,0,1
238,65,78,66,81,84,72,90,70,6,8.2,9.0,0.0,0.0,0.0,0.0,0,0
239,60,74,89,82,61,76,69,60,4,8.6,9.0,0.0,0.0,0.0,0.0,0,2
240,61,60,90,93,77,82,68,91,4,8.9,1.0,0.0,0.0,0.0,0.0,0,0
241,87,71,81,94,79,77,75,76,1,7.7,8.0,0.0,0.0,0.0,0.0,0,2
242,90,64,60,88,60,62,88,74,8,7.6,8.0,0.0,0.0,0.0,0.0,1,2
243,61,68,67,69,91,69,66,65,9,7.5,2.0,0.0,0.0,0.0,0.0,1,1
244,76,60,90,64,71,69,63,70,2,8.9,1.0,0.0,0.0,0.0,0.0,0,1
245,92,74,60,65,92,92,94,63,1,8.6,1.0,0.0,0.0,0.0,0.0,1,1
246,77,71,74,61,76,67,88,86,5,8.6,4.0,0.0,0.0,0.0,0.0,0,2
247,72,71,92,81,77,93,88,70,7,8.5,3.0,0.0,0.0,0.0,0.0,0,0
248,64,65,88,83,87,64,67,86,3,8.7,5.0,0.0,0.0,0.0,0.0,0,2
249,69,73,89,94,74,70,73,76,4,7.0,3.0,0.0,0.0,0.0,0.0,0,2
250,64,93,85,70,80,89,67,86,7,6.6,9.0,0.0,0.0,0.0,0.0,0,2
251,73,65,79,70,66,73,71,73,8,6.7,3.0,0.0,0.0,0.0,0.0,0,1
252,74,91,88,82,82,77,66,78,3,8.7,5.0,0.0,0.0,0.0,0.0,0,1
253,60,92,79,85,69,72,66,62,4,8.8,1.0,0.0,0.0,0.0,0.0,0,1
254,90,61,91,76,75,85,90,81,7,8.9,5.0,0.0,0.0,0.0,0.0,0,0
255,63,87,62,83,76,94,89,61,4,9.0,7.0,0.0,0.0,0.0,0.0,1,0
256,63,91,72,72,92,85,62,81,7,9.1,9.0,0.0,0.0,0.0,0.0,1,0
257,67,91,71,78,75,81,65,87,5,7.4,2.0,0.0,0.0,0.0,0.0,1,2
258,69,72,83,85,62,90,62,67,9,8.1,2.0,0.0,0.0,0.0,0.0,1,0
259,94,66,77,61,69,71,61,61,6,8.4,2.0,0.0,0.0,0.0,0.0,1,1
260,88,90,92,89,73,84,67,85,8,8.5,5.0,0.0,0.0,0.0,0.0,1,2
261,71,74,82,85,83,62,62,77,8,7.9,8.0,0.0,0.0,0.0,0.0,1,2
262,80,79,78,80,66,94,73,83,1,8.7,8.0,0.0,0.0,0.0,0.0,1,1
263,62,92,82,70,79,60,88,88,3,8.0,5.0,0.0,0.0,0.0,0.0,1,1
264,86,67,76,75,81,61,86,67,9,8.8,7.0,0.0,0.0,0.0,0.0,1,0
265,72,65,71,81,76,76,71,75,1,8.6,6.0,0.0,0.0,0.0,0.0,1,0
266,67,84,73,69,94,67,92,82,6,9.0,5.0,0.0,0.0,0.0,0.0,0,2
267,61,64,72,67,85,94,92,94,7,0.0,3.0,0.0,0.0,0.0,0.0,0,0
268,71,71,83,77,73,61,86,80,6,0.0,2.0,0.0,0.0,0.0,0.0,0,0
269,83,88,74,63,79,73,73,63,2,9.6,0.0,0.0,0.0,0.0,0.0,0,1
270,81,89,65,94,85,74,84,67,6,7.6,0.0,0.0,0.0,0.0,0.0,1,0
271,83,65,84,80,82,91,69,75,2,6.4,0.0,0.0,0.0,0.0,0.0,0,2
272,64,86,65,67,69,74,66,89,8,6.8,1.0,0.0,0.0,0.0,0.0,0,0
273,66,72,72,70,61,86,78,77,3,8.9,1.0,0.0,0.0,0.0,0.0,0,2
274,83,81,61,81,79,63,61,88,1,7.6,1.0,0.0,0.0,0.0,0.0,1,2
275,71,89,91,88,84,78,89,77,8,7.7,1.0,0.0,0.0,0.0,0.0,1,0
276,93,81,63,85,66,82,67,89,4,7.5,1.0,0.0,0.0,0.0,0.0,1,2
277,75,66,85,74,74,93,72,92,4,7.4,2.0,0.0,0.0,0.0,0.0,1,2
278,69,92,80,85,86,73,88,73,8,7.4,1.0,0.0,0.0,0.0,0.0,0,2
279,71,75,79,83,75,74,61,84,6,7.3,2.0,0.0,0.0,0.0,0.0,1,1
280,62,75,67,63,89,80,65,92,5,8.3,1.0,0.0,0.0,0.0,0.0,1,0
281,73,74,92,71,67,85,93,60,2,8.5,2.0,0.0,0.0,0.0,0.0,0,2
282,73,68,82,88,61,91,71,76,3,7.6,1.0,0.0,0.0,0.0,0.0,1,2
283,85,67,68,60,80,68,87,94,7,5.5,2.0,0.0,0.0,0.0,0.0,0,0
284,81,82,83,86,70,72,93,93,9,7.6,55.0,0.0,0.0,0.0,0.0,1,0
285,88,74,83,80,71,85,89,83,8,0.0,5.0,0.0,0.0,0.0,0.0,0,1
286,82,66,89,70,72,70,91,61,7,9.5,5.0,0.0,0.0,0.0,0.0,0,1
287,81,80,70,90,88,75,91,93,5,0.0,4.0,0.0,0.0,0.0,0.0,0,1
288,64,61,63,84,63,82,66,68,8,6.6,4.0,0.0,0.0,0.0,0.0,0,2
289,67,90,66,63,87,90,91,88,9,7.7,6.0,0.0,0.0,0.0,0.0,1,2
290,86,86,62,62,60,79,90,69,7,7.5,6.0,0.0,0.0,0.0,0.0,0,1
291,68,86,73,88,94,80,63,61,7,8.6,2.0,0.0,0.0,0.0,0.0,1,0
292,63,78,92,84,89,66,75,73,1,8.4,2.0,0.0,0.0,0.0,0.0,0,2
293,66,67,77,90,70,85,92,79,8,8.3,2.0,0.0,0.0,0.0,0.0,1,1
294,62,78,75,82,69,71,74,75,3,8.4,3.0,0.0,0.0,0.0,0.0,1,2
295,64,84,90,86,83,94,83,76,4,8.2,5.0,0.0,0.0,0.0,0.0,0,2
296,71,80,84,92,66,92,73,67,8,8.1,6.0,0.0,0.0,0.0,0.0,0,1
297,60,61,79,90,66,74,91,68,7,8.2,5.0,0.0,0.0,0.0,0.0,0,2
298,83,61,93,81,76,79,86,76,9,0.0,6.0,0.0,0.0,0.0,0.0,1,0
299,73,88,69,71,81,71,88,66,7,7.6,5.0,0.0,0.0,0.0,0.0,0,1
300,90,75,88,84,75,80,86,76,3,6.6,6.0,0.0,0.0,0.0,0.0,1,0
301,72,67,85,81,79,92,78,65,1,6.5,5.0,0.0,0.0,0.0,0.0,1,1
302,65,68,80,65,85,93,87,65,9,5.6,6.0,0.0,0.0,0.0,0.0,0,0
303,65,88,61,72,74,84,81,63,9,6.2,8.0,0.0,0.0,0.0,0.0,0,0
304,90,60,87,65,75,90,67,60,6,6.1,8.0,0.0,0.0,0.0,0.0,1,0
305,67,81,80,76,82,85,77,65,9,6.3,8.0,0.0,0.0,0.0,0.0,0,1
306,77,93,61,65,74,81,89,71,4,0.0,8.0,0.0,0.0,0.0,0.0,0,2
307,88,94,73,87,64,89,79,93,5,7.3,7.0,0.0,0.0,0.0,0.0,1,2
308,72,84,78,92,93,80,85,74,1,7.32,5.0,0.0,0.0,0.0,0.0,1,1
309,83,79,88,75,62,70,68,91,5,7.43,6.0,0.0,0.0,0.0,0.0,0,2
310,89,89,74,66,69,83,71,89,2,7.71,5.0,0.0,0.0,0.0,0.0,1,2
311,72,63,74,68,69,67,94,76,7,8.32,8.0,0.0,0.0,0.0,0.0,1,0
312,69,60,77,94,70,92,67,67,4,8.3,8.0,0.0,0.0,0.0,0.0,0,2
313,60,91,61,88,85,75,66,94,8,8.2,8.0,0.0,0.0,0.0,0.0,0,2
314,68,67,89,94,83,70,64,88,7,8.5,3.0,0.0,0.0,0.0,0.0,0,0
315,78,88,77,67,86,90,67,75,8,7.5,3.0,0.0,0.0,0.0,0.0,1,1
316,78,62,71,84,83,82,69,86,4,6.4,9.0,0.0,0.0,0.0,0.0,0,0
317,78,78,67,71,78,81,71,84,7,0.0,5.0,0.0,0.0,0.0,0.0,0,1
318,65,76,70,91,70,60,67,91,2,6.8,6.0,0.0,0.0,0.0,0.0,1,0
319,91,84,61,86,79,86,87,66,6,6.9,5.0,0.0,0.0,0.0,0.0,1,0
320,78,83,83,63,80,69,63,64,7,7.1,7.0,0.0,0.0,0.0,0.0,0,2
321,70,78,71,69,68,86,93,81,2,7.0,5.0,0.0,0.0,0.0,0.0,0,0
322,78,76,88,88,64,84,61,61,4,6.5,4.0,0.0,0.0,0.0,0.0,1,2
323,94,93,88,66,91,77,63,75,1,6.3,0.0,0.0,0.0,0.0,0.0,1,0
324,88,86,62,77,93,65,75,62,1,7.2,0.0,0.0,0.0,0.0,0.0,0,1
325,80,87,93,73,64,71,84,83,3,6.7,7.0,0.0,0.0,0.0,0.0,1,2
326,61,78,87,91,62,93,76,90,9,6.9,7.0,0.0,0.0,0.0,0.0,0,0
327,69,60,61,67,76,93,91,62,1,6.5,5.0,0.0,0.0,0.0,0.0,1,0
328,64,87,64,77,60,75,74,92,9,6.9,0.0,0.0,0.0,0.0,0.0,1,2
329,94,76,61,90,71,69,67,67,1,7.2,1.0,0.0,0.0,0.0,0.0,1,0
330,75,79,74,93,74,76,75,63,4,7.0,2.0,0.0,0.0,0.0,0.0,0,2
331,94,82,91,79,66,65,68,76,4,7.5,2.0,0.0,0.0,0.0,0.0,1,2
332,67,89,86,88,81,71,93,61,6,7.6,5.0,0.0,0.0,0.0,0.0,0,0
333,65,77,76,74,86,90,64,93,8,7.8,6.0,0.0,0.0,0.0,0.0,1,1
334,94,80,64,63,89,65,86,64,8,7.8,2.0,0.0,0.0,0.0,0.0,0,0
335,69,85,84,90,93,86,65,65,6,0.0,4.0,0.0,0.0,0.0,0.0,0,0
336,76,71,71,75,90,74,76,94,8,0.0,2.0,0.0,0.0,0.0,0.0,1,0
337,66,63,75,70,91,94,86,85,9,0.0,4.0,0.0,0.0,0.0,0.0,0,2
338,62,67,65,61,64,92,72,77,8,0.0,0.0,0.0,0.0,0.0,0.0,0,2
339,79,88,74,91,72,79,93,67,6,0.0,4.0,0.0,0.0,0.0,0.0,0,2
340,92,79,80,60,83,90,63,83,6,0.0,4.0,0.0,0.0,0.0,0.0,0,1
341,77,91,60,86,84,62,90,84,5,6.55,4.0,0.0,0.0,0.0,0.0,0,1
342,90,75,67,65,76,73,77,70,9,6.56,4.0,0.0,0.0,0.0,0.0,0,0
343,77,75,72,64,71,93,76,84,5,6.45,2.0,0.0,0.0,0.0,0.0,0,2
344,72,88,68,73,65,69,80,89,5,6.07,2.0,0.0,0.0,0.0,0.0,1,2
345,94,94,94,68,77,90,73,78,2,8.16,3.0,0.0,0.0,0.0,0.0,0,1
346,89,92,93,90,60,82,81,64,8,7.36,2.0,0.0,0.0,0.0,0.0,0,2
347,68,83,83,62,61,72,70,79,8,7.57,12.0,0.0,0.0,0.0,0.0,1,2
348,89,82,60,83,89,65,60,68,5,5.27,3.0,0.0,0.0,0.0,0.0,0,2
349,90,63,73,90,91,78,60,87,6,7.62,11.0,0.0,0.0,0.0,0.0,0,1
350,91,87,64,84,63,71,66,66,4,8.0,9.0,0.0,0.0,0.0,0.0,0,2
351,67,75,82,81,92,62,80,67,6,7.88,5.0,0.0,0.0,0.0,0.0,0,1
352,64,85,65,77,80,72,78,72,7,8.05,4.0,0.0,0.0,0.0,0.0,1,0
353,61,88,66,86,60,64,84,79,6,7.2,2.0,0.0,0.0,0.0,0.0,0,0
354,78,85,65,86,80,74,65,79,5,7.27,3.0,0.0,0.0,0.0,0.0,1,1
355,94,94,81,74,92,63,94,85,7,7.7,5.0,0.0,0.0,0.0,0.0,1,1
356,76,92,73,70,60,84,76,83,8,7.4,6.0,0.0,0.0,0.0,0.0,1,0
357,83,62,63,87,81,71,73,92,6,7.5,4.0,0.0,0.0,0.0,0.0,1,0
358,65,67,91,62,88,62,67,64,4,7.3,5.0,0.0,0.0,0.0,0.0,1,2
359,88,76,80,94,89,74,74,86,2,7.4,6.0,0.0,0.0,0.0,0.0,1,2
360,63,86,69,67,86,60,71,91,3,7.3,11.0,0.0,0.0,0.0,0.0,0,2
361,70,78,61,85,90,88,85,67,7,7.3,11.0,0.0,0.0,0.0,0.0,1,0
362,65,81,92,61,64,87,76,71,8,7.4,9.0,0.0,0.0,0.0,0.0,0,0
363,66,91,62,64,62,89,60,94,4,7.8,5.0,0.0,0.0,0.0,0.0,1,0
364,92,75,91,82,75,69,88,83,2,7.3,2.0,0.0,0.0,0.0,0.0,1,0
365,84,79,79,77,72,91,65,83,5,7.2,4.0,0.0,0.0,0.0,0.0,1,1
366,77,81,85,60,73,86,78,81,9,7.3,6.0,0.0,0.0,0.0,0.0,1,1
367,66,85,79,63,88,88,64,80,8,7.3,7.0,0.0,0.0,0.0,0.0,0,1
368,84,79,92,63,91,83,81,93,7,7.3,8.0,0.0,0.0,0.0,0.0,1,0
369,64,61,76,66,80,90,91,91,4,7.9,2.0,0.0,0.0,0.0,0.0,1,0
370,79,94,61,71,88,75,62,77,8,8.1,5.0,0.0,0.0,0.0,0.0,0,2
371,86,74,85,90,67,78,89,71,6,0.0,2.0,0.0,0.0,0.0,0.0,1,0
372,65,82,60,83,84,68,63,84,9,6.5,5.0,0.0,0.0,0.0,0.0,1,1
373,81,64,85,93,69,64,66,71,6,6.9,2.0,0.0,0.0,0.0,0.0,1,0
374,72,87,67,74,65,91,69,64,8,7.2,7.0,0.0,0.0,0.0,0.0,1,1
375,60,75,68,93,65,76,89,61,2,7.0,4.0,0.0,0.0,0.0,0.0,1,1
376,70,66,80,89,73,76,83,91,2,7.5,5.0,0.0,0.0,0.0,0.0,1,0
377,68,65,64,83,87,75,66,84,8,7.6,5.0,0.0,0.0,0.0,0.0,0,1
378,61,84,81,75,86,62,77,92,4,7.8,6.0,0.0,0.0,0.0,0.0,0,0
379,79,64,90,80,81,64,67,68,6,7.8,0.0,0.0,0.0,0.0,0.0,1,2
380,68,81,75,67,82,81,65,71,4,7.7,0.0,0.0,0.0,0.0,0.0,0,0
381,78,75,91,63,64,64,88,73,5,7.4,5.0,0.0,0.0,0.0,0.0,1,0
382,74,71,85,68,68,82,66,67,3,7.5,2.0,0.0,0.0,0.0,0.0,1,2
383,82,83,66,82,66,66,77,66,2,7.3,2.0,0.0,0.0,0.0,0.0,1,2
384,71,75,64,82,69,89,70,62,5,7.4,5.0,0.0,0.0,0.0,0.0,1,1
385,82,65,64,73,80,64,64,61,4,7.3,4.0,0.0,0.0,0.0,0.0,0,0
386,65,74,75,73,90,61,66,66,8,7.3,2.0,0.0,0.0,0.0,0.0,0,0
387,74,85,90,87,94,82,78,86,2,7.4,3.0,0.0,0.0,0.0,0.0,0,0
388,60,85,68,90,76,86,91,68,7,7.8,6.0,0.0,0.0,0.0,0.0,0,1
389,81,68,76,88,73,94,72,62,4,7.3,3.0,0.0,0.0,0.0,0.0,0,1
390,64,73,82,90,90,81,70,71,1,7.2,6.0,0.0,0.0,0.0,0.0,0,0
391,73,91,94,80,73,82,77,80,7,7.3,3.0,0.0,0.0,0.0,0.0,0,0
392,76,85,87,71,90,92,62,60,2,7.3,6.0,0.0,0.0,0.0,0.0,1,2
393,92,61,87,92,67,64,75,78,3,7.3,4.0,0.0,0.0,0.0,0.0,0,0
394,72,93,75,60,75,76,94,91,2,7.9,3.0,0.0,0.0,0.0,0.0,1,2
395,69,91,92,73,63,79,67,66,4,8.1,3.0,0.0,0.0,0.0,0.0,1,1
396,87,66,74,74,79,76,68,87,3,0.0,7.0,0.0,0.0,0.0,0.0,1,1
397,64,84,67,70,75,80,86,60,5,7.2,5.0,0.0,0.0,0.0,0.0,0,0
398,85,94,77,84,68,72,72,81,5,7.3,6.0,0.0,0.0,0.0,0.0,1,0
399,83,86,67,66,85,92,81,62,1,7.3,7.0,0.0,0.0,0.0,0.0,0,0
400,73,85,70,63,81,68,70,86,4,7.3,5.0,0.0,0.0,0.0,0.0,1,1
401,90,65,70,61,90,85,92,89,1,7.9,6.0,0.0,0.0,0.0,0.0,1,2
402,85,87,82,78,78,87,64,74,9,8.1,9.0,0.0,0.0,0.0,0.0,0,0
403,60,82,73,61,68,63,93,63,6,0.0,9.0,0.0,0.0,0.0,0.0,0,0
404,73,61,68,60,77,65,90,69,7,0.0,9.0,0.0,0.0,0.0,0.0,1,0
405,92,64,88,89,70,71,67,79,5,0.0,9.0,0.0,0.0,0.0,0.0,0,1
406,74,82,74,71,80,73,94,87,6,0.0,9.0,0.0,0.0,0.0,0.0,1,1
407,72,60,94,75,82,94,75,83,6,0.0,5.0,0.0,0.0,0.0,0.0,1,0
408,67,86,67,79,87,94,61,89,7,0.0,2.0,0.0,0.0,0.0,0.0,1,2
409,75,87,61,81,79,61,83,92,1,0.0,5.0,0.0,0.0,0.0,0.0,1,0
410,89,73,63,63,71,81,85,64,4,0.0,4.0,0.0,0.0,0.0,0.0,0,2
411,63,77,91,60,84,62,86,72,6,6.8,6.0,0.0,0.0,0.0,0.0,0,1
412,89,83,81,75,71,86,93,60,5,6.9,6.0,0.0,0.0,0.0,0.0,1,2
413,68,73,86,67,74,79,84,62,9,7.1,6.0,0.0,0.0,0.0,0.0,0,0
414,75,72,87,87,75,91,78,91,8,7.0,3.0,0.0,0.0,0.0,0.0,1,0
415,81,67,70,94,63,79,68,80,8,6.5,3.0,0.0,0.0,0.0,0.0,1,2
416,68,68,74,69,73,67,66,72,8,6.3,4.0,0.0,0.0,0.0,0.0,1,1
417,70,73,87,87,86,80,61,84,7,7.2,2.0,0.0,0.0,0.0,0.0,1,2
418,79,79,94,60,89,75,78,69,3,6.7,5.0,0.0,0.0,0.0,0.0,0,0
419,93,74,67,69,81,63,94,94,9,6.9,2.0,0.0,0.0,0.0,0.0,0,1
420,79,64,65,87,66,80,90,67,2,6.5,1.0,0.0,0.0,0.0,0.0,1,2
421,88,92,62,94,84,70,67,94,6,6.9,7.0,0.0,0.0,0.0,0.0,0,1
422,75,92,93,83,92,79,86,86,3,7.2,5.0,0.0,0.0,0.0,0.0,0,0
423,86,84,64,87,73,79,85,60,1,7.0,4.0,0.0,0.0,0.0,0.0,0,0
424,76,61,66,68,68,94,93,71,7,7.5,6.0,0.0,0.0,0.0,0.0,1,2
425,82,86,76,61,64,79,71,80,6,7.6,1.0,0.0,0.0,0.0,0.0,0,2
426,76,63,86,90,72,60,76,77,9,7.8,3.0,0.0,0.0,0.0,0.0,1,1
427,75,81,86,83,73,90,69,86,9,7.8,4.0,0.0,0.0,0.0,0.0,0,1
428,85,60,91,68,65,61,71,89,9,0.0,2.0,0.0,0.0,0.0,0.0,1,0
429,84,60,93,65,94,66,62,88,1,0.0,3.0,0.0,0.0,0.0,0.0,1,1
430,61,88,94,85,72,72,68,82,7,0.0,8.0,0.0,0.0,0.0,0.0,0,0
431,93,63,79,65,79,81,80,62,8,0.0,4.0,0.0,0.0,0.0,0.0,1,1
432,60,73,65,65,76,64,64,77,3,0.0,6.0,0.0,0.0,0.0,0.0,0,1
433,66,63,83,92,63,88,66,93,1,0.0,2.0,0.0,0.0,0.0,0.0,1,2
434,71,92,84,67,94,86,80,85,7,6.8,2.0,0.0,0.0,0.0,0.0,0,2
435,79,65,73,63,67,74,64,72,9,6.6,3.0,0.0,0.0,0.0,0.0,1,2
436,94,94,88,89,61,66,80,73,2,6.6,1.0,0.0,0.0,0.0,0.0,1,1
437,78,72,93,89,84,86,61,68,8,6.6,0.0,0.0,0.0,0.0,0.0,0,0
438,61,93,66,90,78,94,71,62,7,6.6,5.0,0.0,0.0,0.0,0.0,0,2
439,63,66,68,90,69,80,70,88,5,8.0,2.0,0.0,0.0,0.0,0.0,0,0
440,64,83,60,69,75,62,65,93,8,8.6,1.0,0.0,0.0,0.0,0.0,0,0
441,71,93,70,89,68,72,77,61,1,8.4,3.0,0.0,0.0,0.0,0.0,0,1
442,61,83,64,86,73,91,75,66,2,6.1,0.0,0.0,0.0,0.0,0.0,0,0
443,71,79,69,89,62,92,62,89,3,7.1,4.0,0.0,0.0,0.0,0.0,1,2
444,83,65,80,83,73,77,83,67,7,7.3,7.0,0.0,0.0,0.0,0.0,1,1
445,82,89,84,73,84,62,76,82,8,8.4,6.0,0.0,0.0,0.0,0.0,1,2
446,60,85,94,87,83,69,64,63,1,7.8,5.0,0.0,0.0,0.0,0.0,0,2
447,68,68,66,71,79,68,68,90,4,7.1,2.0,0.0,0.0,0.0,0.0,0,0
448,79,93,68,85,76,63,62,63,6,6.5,1.0,0.0,0.0,0.0,0.0,1,1
449,74,75,92,94,64,69,76,85,1,5.6,2.0,0.0,0.0,0.0,0.0,1,1
450,60,72,80,78,76,90,80,61,8,7.7,4.0,0.0,0.0,0.0,0.0,1,2
451,87,76,87,68,84,70,69,65,2,5.4,7.0,0.0,0.0,0.0,0.0,1,2
452,74,83,77,85,81,82,87,91,7,7.5,8.0,0.0,0.0,0.0,0.0,1,0
453,72,75,94,88,76,67,86,65,3,7.6,5.0,0.0,0.0,0.0,0.0,1,2
454,70,68,92,68,87,94,92,75,4,7.6,9.0,0.0,0.0,0.0,0.0,1,0
455,79,71,62,77,83,66,71,94,5,8.9,5.0,0.0,0.0,0.0,0.0,1,0
456,83,60,88,83,82,77,75,92,6,8.4,6.0,0.0,0.0,0.0,0.0,0,0
457,70,90,84,63,70,71,94,77,2,8.0,3.0,0.0,0.0,0.0,0.0,0,1
458,86,61,70,84,63,69,92,61,7,6.61,4.0,0.0,0.0,0.0,0.0,0,1
459,88,86,67,81,85,60,62,85,6,6.56,7.0,0.0,0.0,0.0,0.0,1,0
460,82,90,88,72,91,83,82,64,4,7.045,8.0,0.0,0.0,0.0,0.0,0,1
461,70,93,78,65,81,86,81,82,3,7.632999999999999,5.0,0.0,0.0,0.0,0.0,1,2
462,93,78,62,61,61,92,83,77,5,7.124,11.0,0.0,0.0,0.0,0.0,1,0
463,89,78,87,90,88,82,86,60,9,7.267,2.0,0.0,0.0,0.0,0.0,1,1
464,89,78,67,60,83,63,76,79,6,7.3,4.0,0.0,0.0,0.0,0.0,0,1
465,72,80,65,94,73,65,91,70,8,7.84,5.0,0.0,0.0,0.0,0.0,1,1
466,68,75,78,65,65,81,69,64,6,7.367000000000001,8.0,0.0,0.0,0.0,0.0,1,2
467,89,84,65,65,73,75,65,91,8,7.85,5.0,0.0,0.0,0.0,0.0,1,2
468,67,75,60,61,87,75,76,79,1,7.367000000000001,5.0,0.0,0.0,0.0,0.0,0,2
469,94,60,64,62,66,81,66,90,6,0.0,0.0,0.0,0.0,0.0,0.0,0,1
470,78,68,75,62,81,79,85,72,9,6.8,1.0,0.0,0.0,0.0,0.0,1,2
471,70,73,73,69,76,84,64,90,2,6.9,5.0,0.0,0.0,0.0,0.0,0,0
472,93,84,87,61,89,85,75,85,1,7.1,2.0,0.0,0.0,0.0,0.0,0,0
473,72,74,92,80,86,71,77,91,6,7.0,9.0,0.0,0.0,0.0,0.0,0,1
474,74,70,73,63,60,60,66,75,3,6.5,4.0,0.0,0.0,0.0,0.0,0,0
475,79,77,66,85,85,81,72,66,4,6.3,5.0,0.0,0.0,0.0,0.0,1,0
476,93,87,80,66,82,73,75,76,9,7.2,6.0,0.0,0.0,0.0,0.0,1,1
477,90,85,67,81,76,70,81,90,8,6.7,7.0,0.0,0.0,0.0,0.0,0,1
478,67,75,71,82,91,82,92,75,7,6.9,3.0,0.0,0.0,0.0,0.0,0,1
479,63,80,80,82,84,63,61,75,9,6.5,2.0,0.0,0.0,0.0,0.0,1,1
480,93,92,70,93,73,80,66,79,8,6.9,3.0,0.0,0.0,0.0,0.0,0,0
481,71,69,61,88,65,72,61,79,9,7.2,4.0,0.0,0.0,0.0,0.0,0,1
482,91,91,76,62,71,90,89,77,2,7.0,2.0,0.0,0.0,0.0,0.0,1,0
483,72,68,81,80,75,65,66,87,2,7.5,5.0,0.0,0.0,0.0,0.0,1,1
484,65,80,61,68,77,79,78,81,7,7.6,6.0,0.0,0.0,0.0,0.0,1,2
485,61,70,66,61,72,77,82,85,2,7.8,3.0,0.0,0.0,0.0,0.0,0,1
486,88,93,68,89,68,76,84,88,8,7.8,2.0,0.0,0.0,0.0,0.0,1,2
487,78,73,86,91,81,87,73,94,8,0.0,6.0,0.0,0.0,0.0,0.0,1,2
488,67,92,93,86,72,79,93,60,1,0.0,5.0,0.0,0.0,0.0,0.0,0,1
489,61,70,70,90,66,69,68,92,5,0.0,8.0,0.0,0.0,0.0,0.0,0,2
490,73,88,91,71,73,61,68,91,2,7.3,9.0,0.0,0.0,0.0,0.0,0,2
491,85,91,64,85,67,80,91,64,9,7.4,9.0,0.0,0.0,0.0,0.0,1,1
492,91,79,94,73,89,80,65,94,4,6.7,8.0,0.0,0.0,0.0,0.0,1,2
493,72,72,82,72,94,85,86,90,5,6.7,9.0,0.0,0.0,0.0,0.0,0,1
494,67,63,78,61,87,63,68,76,6,7.6,1.0,0.0,0.0,0.0,0.0,1,1
495,83,78,81,77,87,89,73,85,7,7.6,11.0,0.0,0.0,0.0,0.0,1,1
496,74,82,87,65,67,80,84,67,6,7.1,2.0,0.0,0.0,0.0,0.0,0,2
497,86,61,82,76,69,63,80,90,1,6.4,5.0,0.0,0.0,0.0,0.0,0,0
498,93,75,83,91,70,62,90,88,4,6.8,6.0,0.0,0.0,0.0,0.0,0,0
499,76,90,62,86,70,80,62,62,3,7.0,3.0,0.0,0.0,0.0,0.0,0,2
500,75,65,80,80,70,90,65,75,8,7.5,6.0,0.0,0.0,0.0,0.0,1,2
501,93,63,89,81,68,86,78,71,4,7.0,3.0,0.0,0.0,0.0,0.0,0,0
502,84,69,87,77,84,83,76,87,1,7.0,4.0,0.0,0.0,0.0,0.0,1,1
503,89,63,83,77,79,79,67,61,7,6.9,3.0,0.0,0.0,0.0,0.0,0,2
504,70,72,94,77,86,77,84,75,6,6.7,5.0,0.0,0.0,0.0,0.0,1,0
505,86,85,61,77,65,61,90,72,5,6.8,5.0,0.0,0.0,0.0,0.0,1,0
506,75,71,77,62,83,88,89,82,7,6.4,2.0,0.0,0.0,0.0,0.0,1,2
507,66,69,62,82,81,88,67,68,5,7.6,3.0,0.0,0.0,0.0,0.0,0,2
508,72,80,74,76,65,68,86,71,2,5.9,4.0,0.0,0.0,0.0,0.0,1,2
509,78,86,74,70,93,90,77,92,3,5.3,5.0,0.0,0.0,0.0,0.0,1,2
510,77,60,70,84,92,68,88,88,6,6.4,2.0,0.0,0.0,0.0,0.0,1,0
511,92,60,70,66,86,61,78,75,6,6.61,5.0,0.0,0.0,0.0,0.0,1,0
512,65,80,85,91,74,82,62,85,9,6.56,2.0,0.0,0.0,0.0,0.0,1,2
513,90,67,75,78,62,77,83,84,7,7.045,0.0,0.0,0.0,0.0,0.0,0,1
514,62,82,93,61,67,63,78,85,1,7.632999999999999,1.0,0.0,0.0,0.0,0.0,1,1
515,65,80,72,90,88,75,82,77,9,7.124,2.0,0.0,0.0,0.0,0.0,0,0
516,76,93,66,69,78,62,63,94,3,7.267,3.0,0.0,0.0,0.0,0.0,0,0
517,62,75,69,82,69,84,87,61,7,7.3,3.0,0.0,0.0,0.0,0.0,1,0
518,82,94,74,66,72,63,93,71,9,7.84,4.0,0.0,0.0,0.0,0.0,0,1
519,86,61,62,88,68,61,77,75,1,7.367000000000001,5.0,0.0,0.0,0.0,0.0,0,1
520,94,70,62,86,79,85,86,90,3,7.85,5.0,0.0,0.0,0.0,0.0,0,2
521,67,70,86,83,60,83,84,65,6,7.367000000000001,6.0,0.0,0.0,0.0,0.0,0,1
522,72,69,79,81,86,78,77,68,7,6.5,7.0,0.0,0.0,0.0,0.0,0,1
523,91,90,72,61,90,89,94,93,7,7.1,9.0,0.0,0.0,0.0,0.0,1,0
524,93,71,63,71,76,82,85,80,9,7.5,4.0,0.0,0.0,0.0,0.0,1,1
525,88,72,92,63,86,75,62,91,4,7.4,9.0,0.0,0.0,0.0,0.0,1,0
526,73,61,72,88,81,91,74,87,9,6.7,4.0,0.0,0.0,0.0,0.0,0,0
527,66,76,90,61,63,84,62,67,3,7.5,5.0,0.0,0.0,0.0,0.0,1,1
528,61,73,74,74,75,75,65,82,1,6.3,8.0,0.0,0.0,0.0,0.0,1,2
529,65,87,83,87,88,90,78,94,2,7.8,8.0,0.0,0.0,0.0,0.0,0,1
530,87,80,68,77,80,72,72,68,1,7.9,8.0,0.0,0.0,0.0,0.0,0,2
531,92,68,62,69,70,83,86,65,2,7.7,5.0,0.0,0.0,0.0,0.0,1,0
532,77,76,66,79,65,75,90,90,6,7.8,2.0,0.0,0.0,0.0,0.0,0,2
533,80,92,76,83,62,92,72,83,7,7.3,6.0,0.0,0.0,0.0,0.0,0,2
534,80,84,81,89,91,88,71,67,8,7.9,6.0,0.0,0.0,0.0,0.0,1,0
535,81,68,86,83,91,70,89,76,4,7.6,6.0,0.0,0.0,0.0,0.0,0,1
536,81,60,93,65,77,66,87,83,6,7.4,4.0,0.0,0.0,0.0,0.0,0,1
537,65,83,76,64,83,91,69,74,5,7.7,5.0,0.0,0.0,0.0,0.0,1,2
538,92,69,85,68,75,63,65,75,3,7.6,4.0,0.0,0.0,0.0,0.0,1,2
539,85,62,84,74,66,89,74,70,8,7.4,5.0,0.0,0.0,0.0,0.0,1,2
540,67,67,80,64,86,74,91,83,2,7.7,4.0,0.0,0.0,0.0,0.0,0,2
541,78,87,72,90,94,78,79,64,3,7.4,5.0,0.0,0.0,0.0,0.0,0,1
542,88,79,89,81,85,87,86,71,9,7.5,7.0,0.0,0.0,0.0,0.0,0,0
543,79,92,94,76,63,72,91,81,5,7.3,7.0,0.0,0.0,0.0,0.0,0,1
544,81,67,73,87,86,91,68,62,2,7.4,7.0,0.0,0.0,0.0,0.0,0,0
545,93,71,70,89,83,77,63,80,4,7.3,5.0,0.0,0.0,0.0,0.0,1,1
546,74,86,61,82,78,69,86,61,1,7.3,2.0,0.0,0.0,0.0,0.0,0,1
547,69,91,94,77,83,64,77,91,3,7.4,6.0,0.0,0.0,0.0,0.0,0,0
548,79,63,80,83,66,82,82,87,7,7.8,2.0,0.0,0.0,0.0,0.0,0,2
549,77,72,91,62,85,87,79,73,5,7.3,6.0,0.0,0.0,0.0,0.0,1,0
550,72,69,78,73,64,62,75,61,2,7.2,4.0,0.0,0.0,0.0,0.0,0,2
551,72,88,89,64,69,92,79,68,8,7.3,6.0,0.0,0.0,0.0,0.0,1,0
552,74,63,76,76,72,75,81,88,9,7.3,3.0,0.0,0.0,0.0,0.0,1,2
553,90,91,63,75,86,69,76,90,4,7.3,3.0,0.0,0.0,0.0,0.0,1,1
554,71,73,92,89,69,60,60,81,5,7.9,8.0,0.0,0.0,0.0,0.0,1,0
555,62,63,87,77,68,72,87,82,1,8.1,9.0,0.0,0.0,0.0,0.0,1,1
556,85,85,73,66,64,65,91,70,2,0.0,0.0,0.0,0.0,0.0,0.0,1,1
557,81,93,70,91,94,67,75,61,5,6.8,9.0,0.0,0.0,0.0,0.0,1,2
558,87,61,60,66,76,87,79,94,4,6.9,4.0,0.0,0.0,0.0,0.0,0,1
559,61,77,79,71,80,85,68,81,7,7.1,11.0,0.0,0.0,0.0,0.0,0,1
560,86,68,72,66,89,85,77,83,8,7.0,2.0,0.0,0.0,0.0,0.0,0,0
561,65,89,69,64,92,65,79,81,3,6.5,5.0,0.0,0.0,0.0,0.0,0,2
562,62,86,91,63,70,70,63,74,9,6.3,2.0,0.0,0.0,0.0,0.0,1,2
563,89,77,80,75,85,81,79,61,6,7.2,52.0,0.0,0.0,0.0,0.0,0,2
564,78,75,64,80,88,92,67,83,9,6.7,5.0,0.0,0.0,0.0,0.0,1,0
565,82,81,82,61,89,91,65,65,5,6.9,2.0,0.0,0.0,0.0,0.0,0,1
566,78,60,93,63,89,72,65,69,3,6.5,5.0,0.0,0.0,0.0,0.0,1,2
567,80,81,63,74,75,91,80,80,2,6.9,2.0,0.0,0.0,0.0,0.0,1,2
568,80,63,86,90,61,68,66,61,4,7.2,7.0,0.0,0.0,0.0,0.0,1,0
569,66,77,85,65,91,63,78,89,4,7.0,5.0,0.0,0.0,0.0,0.0,1,2
570,93,82,90,80,81,69,60,77,7,7.5,4.0,0.0,0.0,0.0,0.0,0,0
571,90,74,94,76,68,77,61,84,7,7.6,2.0,0.0,0.0,0.0,0.0,1,2
572,80,75,87,89,68,79,62,88,9,7.8,0.0,0.0,0.0,0.0,0.0,1,1
573,88,85,76,91,69,67,63,78,4,7.8,2.0,0.0,0.0,0.0,0.0,1,2
574,62,68,66,81,82,85,74,64,4,6.8,3.0,0.0,0.0,0.0,0.0,1,0
575,83,67,72,81,65,77,77,74,2,6.9,5.0,0.0,0.0,0.0,0.0,0,0
576,70,75,61,87,64,79,76,66,4,7.1,3.0,0.0,0.0,0.0,0.0,1,0
577,72,76,77,72,60,64,70,89,3,7.0,2.0,0.0,0.0,0.0,0.0,0,2
578,88,80,84,63,76,71,68,74,3,6.5,4.0,0.0,0.0,0.0,0.0,1,1
579,81,85,94,94,88,88,94,66,9,6.3,4.0,0.0,0.0,0.0,0.0,1,2
580,88,63,82,68,63,84,89,66,9,7.2,4.0,0.0,0.0,0.0,0.0,1,2
581,74,80,89,67,79,67,65,66,8,6.7,4.0,0.0,0.0,0.0,0.0,0,1
582,78,67,82,75,72,60,75,83,2,6.9,5.0,0.0,0.0,0.0,0.0,0,0
583,88,80,82,91,77,68,61,91,3,6.5,6.0,0.0,0.0,0.0,0.0,1,1
584,79,74,60,69,62,89,69,90,6,6.9,8.0,0.0,0.0,0.0,0.0,0,0
585,71,81,90,92,71,84,67,66,7,7.2,9.0,0.0,0.0,0.0,0.0,0,1
586,68,93,76,93,89,76,84,65,4,7.0,8.0,0.0,0.0,0.0,0.0,1,2
587,77,80,61,67,83,67,61,81,1,7.5,5.0,0.0,0.0,0.0,0.0,0,2
588,64,77,77,71,84,60,66,74,5,7.6,3.0,0.0,0.0,0.0,0.0,1,1
589,63,64,61,64,69,89,64,93,1,7.8,4.0,0.0,0.0,0.0,0.0,1,2
590,85,78,63,86,82,82,85,69,6,7.8,4.0,0.0,0.0,0.0,0.0,0,1
591,60,64,84,67,69,89,67,64,5,7.3,6.0,0.0,0.0,0.0,0.0,1,0
592,79,82,68,84,69,87,81,64,1,7.4,7.0,0.0,0.0,0.0,0.0,1,2
593,73,73,81,85,71,67,92,70,8,6.7,9.0,0.0,0.0,0.0,0.0,0,0
594,71,79,83,94,83,82,63,88,7,6.7,8.0,0.0,0.0,0.0,0.0,1,0
595,65,94,80,71,91,61,85,91,6,7.6,3.0,0.0,0.0,0.0,0.0,1,2
596,71,84,82,79,68,94,92,66,5,7.6,4.0,0.0,0.0,0.0,0.0,1,2
597,91,82,69,74,69,63,94,83,5,7.1,2.0,0.0,0.0,0.0,0.0,0,2
598,72,70,92,76,86,69,83,74,9,6.4,11.0,0.0,0.0,0.0,0.0,0,0
599,75,64,71,91,79,62,86,67,3,6.8,9.0,0.0,0.0,0.0,0.0,0,0
600,94,82,75,86,83,61,93,77,8,7.0,2.0,0.0,0.0,0.0,0.0,1,2
601,75,69,83,63,86,85,93,93,4,7.5,5.0,0.0,0.0,0.0,0.0,1,1
602,87,89,87,61,62,82,66,60,4,7.0,3.0,0.0,0.0,0.0,0.0,0,2
603,71,72,93,67,91,84,67,92,1,7.0,4.0,0.0,0.0,0.0,0.0,1,2
604,83,78,89,82,82,74,82,84,5,6.9,6.0,0.0,0.0,0.0,0.0,0,0
605,67,77,77,81,94,81,87,67,3,6.7,0.0,0.0,0.0,0.0,0.0,0,2
606,66,84,75,82,64,90,77,64,9,6.8,7.0,0.0,0.0,0.0,0.0,0,1
607,63,76,62,93,69,89,80,79,9,6.4,2.0,0.0,0.0,0.0,0.0,0,0
608,76,86,90,93,75,86,64,67,3,7.6,5.0,0.0,0.0,0.0,0.0,1,1
609,90,77,67,75,67,71,63,91,4,7.5,4.0,0.0,0.0,0.0,0.0,0,1
610,79,76,74,89,61,69,79,76,1,7.4,7.0,0.0,0.0,0.0,0.0,1,2
611,91,62,74,87,66,93,63,70,1,6.9,5.0,0.0,0.0,0.0,0.0,0,1
612,73,75,94,85,84,65,69,81,6,6.8,6.0,0.0,0.0,0.0,0.0,1,0
613,92,73,61,70,93,70,85,61,5,6.8,5.0,0.0,0.0,0.0,0.0,0,1
614,65,76,78,94,92,64,94,94,5,6.9,3.0,0.0,0.0,0.0,0.0,1,2
615,63,64,86,81,82,71,87,62,4,7.6,8.0,0.0,0.0,0.0,0.0,1,0
616,78,63,63,63,94,85,89,92,4,7.7,4.0,0.0,0.0,0.0,0.0,0,1
617,68,93,61,93,76,71,60,76,5,7.6,1.0,0.0,0.0,0.0,0.0,0,0
618,82,67,93,94,93,79,78,64,5,7.6,7.0,0.0,0.0,0.0,0.0,0,0
619,68,68,90,92,61,77,78,80,5,7.1,6.0,0.0,0.0,0.0,0.0,0,2
620,87,67,82,92,67,67,83,68,9,7.7,9.0,0.0,0.0,0.0,0.0,1,2
621,89,80,63,63,75,62,87,67,3,7.0,2.0,0.0,0.0,0.0,0.0,1,0
622,78,65,88,64,68,60,83,77,3,7.2,3.0,0.0,0.0,0.0,0.0,0,2
623,73,74,68,87,93,73,81,69,5,6.7,6.0,0.0,0.0,0.0,0.0,1,2
624,61,70,84,66,73,70,82,81,7,7.3,9.0,0.0,0.0,0.0,0.0,0,0
625,73,86,68,69,60,85,81,91,6,8.0,3.0,0.0,0.0,0.0,0.0,1,0
626,76,78,73,76,91,69,83,85,2,6.8,3.0,0.0,0.0,0.0,0.0,0,0
627,73,88,85,80,74,74,84,68,5,6.9,2.0,0.0,0.0,0.0,0.0,0,0
628,71,71,75,61,90,84,63,92,7,7.2,2.0,0.0,0.0,0.0,0.0,0,0
629,74,77,60,73,78,90,60,76,8,7.4,3.0,0.0,0.0,0.0,0.0,0,1
630,87,94,66,88,83,90,84,93,5,7.1,6.0,0.0,0.0,0.0,0.0,0,0
631,73,82,79,62,83,66,70,60,2,6.9,9.0,0.0,0.0,0.0,0.0,1,1
632,68,90,78,87,71,93,92,89,5,7.0,6.0,0.0,0.0,0.0,0.0,0,1
633,87,66,69,80,90,88,81,60,5,7.7,5.0,0.0,0.0,0.0,0.0,0,0
634,81,72,76,74,62,86,74,91,9,6.9,2.0,0.0,0.0,0.0,0.0,0,2
635,73,81,85,71,86,77,91,62,3,6.6,8.0,0.0,0.0,0.0,0.0,1,0
636,69,65,71,80,62,89,88,74,2,7.2,9.0,0.0,0.0,0.0,0.0,0,1
637,68,60,62,90,60,78,82,80,7,6.8,4.0,0.0,0.0,0.0,0.0,1,1
638,66,73,86,71,88,78,85,90,6,6.8,2.0,0.0,0.0,0.0,0.0,0,1
639,93,72,84,62,76,89,83,69,3,7.2,4.0,0.0,0.0,0.0,0.0,1,0
640,94,94,86,91,80,93,73,71,2,7.1,3.0,0.0,0.0,0.0,0.0,1,1
641,80,91,63,87,80,90,87,85,6,7.0,4.0,0.0,0.0,0.0,0.0,0,0
642,92,70,61,63,88,72,77,71,2,7.6,5.0,0.0,0.0,0.0,0.0,1,1
643,92,81,85,78,67,78,71,70,7,6.8,9.0,0.0,0.0,0.0,0.0,0,1
644,77,87,61,72,63,87,80,93,6,6.8,5.0,0.0,0.0,0.0,0.0,1,0
645,65,64,75,67,70,65,66,82,1,6.9,4.0,0.0,0.0,0.0,0.0,1,1
646,73,93,68,73,82,78,88,84,4,7.9,2.0,0.0,0.0,0.0,0.0,1,2
647,62,77,64,94,91,77,88,69,7,7.6,5.0,0.0,0.0,0.0,0.0,1,1
648,61,79,79,85,83,85,92,80,1,7.4,9.0,0.0,0.0,0.0,0.0,1,0
649,60,93,75,81,65,94,84,65,6,7.7,3.0,0.0,0.0,0.0,0.0,0,0
650,60,69,93,87,68,83,91,77,1,7.6,1.0,0.0,0.0,0.0,0.0,0,2
651,82,68,84,87,86,87,62,70,7,7.4,8.0,0.0,0.0,0.0,0.0,1,0
652,87,94,73,79,94,61,88,84,8,7.7,7.0,0.0,0.0,0.0,0.0,1,2
653,69,77,67,90,66,92,63,69,4,7.4,2.0,0.0,0.0,0.0,0.0,0,1
654,70,74,89,76,69,76,84,82,4,7.5,3.0,0.0,0.0,0.0,0.0,1,2
655,67,78,80,89,75,63,89,60,4,7.3,8.0,0.0,0.0,0.0,0.0,1,0
656,72,84,71,62,88,83,74,84,8,7.4,8.0,0.0,0.0,0.0,0.0,0,1
657,85,83,65,69,84,85,79,75,8,7.3,1.0,0.0,0.0,0.0,0.0,1,2
658,73,83,81,92,93,92,93,67,5,7.3,0.0,0.0,0.0,0.0,0.0,0,1
659,87,67,63,64,60,68,94,74,9,7.4,0.0,0.0,0.0,0.0,0.0,1,2
660,93,67,67,73,71,84,76,72,3,7.8,0.0,0.0,0.0,0.0,0.0,1,1
661,85,76,93,89,60,65,81,84,6,7.3,5.0,0.0,0.0,0.0,0.0,1,2
662,86,81,61,78,73,88,71,61,3,7.2,2.0,0.0,0.0,0.0,0.0,1,1
663,88,73,81,61,63,76,62,93,1,7.3,6.0,0.0,0.0,0.0,0.0,1,2
664,83,91,91,85,71,73,77,94,8,7.3,9.0,0.0,0.0,0.0,0.0,0,0
665,71,88,76,79,65,91,68,75,8,7.3,8.0,0.0,0.0,0.0,0.0,0,2
666,69,90,74,72,65,68,75,84,7,7.9,6.0,0.0,0.0,0.0,0.0,1,0
667,90,79,71,86,75,88,76,87,9,8.1,8.0,0.0,0.0,0.0,0.0,1,0
668,74,91,88,65,85,68,93,70,6,7.7,9.0,0.0,0.0,0.0,0.0,0,0
669,74,76,72,86,75,67,87,92,3,7.4,6.0,0.0,0.0,0.0,0.0,0,2
670,65,84,84,86,86,65,78,69,1,7.5,6.0,0.0,0.0,0.0,0.0,1,1
671,86,69,88,85,66,64,70,92,2,7.3,5.0,0.0,0.0,0.0,0.0,1,2
672,62,80,88,61,94,68,72,65,2,7.4,6.0,0.0,0.0,0.0,0.0,0,2
673,86,72,74,90,67,71,78,84,1,7.3,9.0,0.0,0.0,0.0,0.0,1,2
674,68,89,71,77,92,87,89,71,2,7.3,9.0,0.0,0.0,0.0,0.0,1,1
675,77,66,75,84,91,62,78,74,6,7.4,9.0,0.0,0.0,0.0,0.0,0,2
676,79,92,78,75,83,62,63,81,6,7.8,7.0,0.0,0.0,0.0,0.0,1,0
677,93,91,79,62,80,87,84,78,9,7.3,8.0,0.0,0.0,0.0,0.0,1,1
678,78,77,66,74,66,80,61,73,4,7.2,5.0,0.0,0.0,0.0,0.0,1,0
679,84,70,72,69,77,77,62,86,3,7.3,4.0,0.0,0.0,0.0,0.0,1,2
680,73,82,81,73,88,78,70,64,8,7.3,2.0,0.0,0.0,0.0,0.0,1,2
681,79,76,85,83,93,61,61,67,1,7.3,3.0,0.0,0.0,0.0,0.0,0,1
682,93,85,60,75,69,84,82,65,9,7.9,3.0,0.0,0.0,0.0,0.0,0,0
683,65,87,93,64,82,62,79,60,2,8.1,3.0,0.0,0.0,0.0,0.0,1,1
684,67,67,75,87,86,94,61,94,5,0.0,2.0,0.0,0.0,0.0,0.0,1,0
685,94,70,61,66,66,61,74,90,6,7.9,0.0,0.0,0.0,0.0,0.0,0,0
686,94,82,62,75,76,71,63,65,7,7.7,5.0,0.0,0.0,0.0,0.0,0,0
687,90,92,92,83,81,84,66,81,3,7.8,2.0,0.0,0.0,0.0,0.0,1,2
688,81,68,82,93,79,73,85,87,5,7.3,5.0,0.0,0.0,0.0,0.0,0,0
689,73,66,71,73,60,87,61,73,7,7.9,3.0,0.0,0.0,0.0,0.0,0,0
690,77,73,66,74,73,71,88,74,8,7.6,2.0,0.0,0.0,0.0,0.0,1,1
691,77,77,63,63,90,64,78,93,3,7.4,5.0,0.0,0.0,0.0,0.0,1,0
692,61,77,76,67,88,63,69,78,2,7.7,5.0,0.0,0.0,0.0,0.0,0,1
693,70,89,93,68,92,94,60,63,1,7.6,8.0,0.0,0.0,0.0,0.0,1,2
694,67,80,70,63,62,62,83,71,7,7.4,0.0,0.0,0.0,0.0,0.0,1,1
695,72,80,71,66,83,91,94,83,9,7.7,9.0,0.0,0.0,0.0,0.0,1,1
696,69,78,94,66,69,68,65,84,2,7.4,11.0,0.0,0.0,0.0,0.0,1,1
697,64,70,74,94,60,70,84,93,8,7.5,4.0,0.0,0.0,0.0,0.0,1,1
698,69,85,85,83,83,92,83,81,1,7.3,2.0,0.0,0.0,0.0,0.0,0,2
699,75,78,92,76,89,85,89,77,7,7.4,5.0,0.0,0.0,0.0,0.0,1,2
700,75,84,83,69,75,71,70,79,1,7.3,6.0,0.0,0.0,0.0,0.0,1,1
701,61,67,63,83,89,78,73,88,4,7.3,8.0,0.0,0.0,0.0,0.0,0,2
702,94,84,94,88,68,86,61,71,4,7.4,9.0,0.0,0.0,0.0,0.0,0,0
703,90,91,70,65,81,83,74,75,9,7.8,8.0,0.0,0.0,0.0,0.0,0,0
704,77,73,87,74,62,66,89,74,5,7.3,8.0,0.0,0.0,0.0,0.0,0,1
705,62,80,92,88,74,69,82,71,2,7.2,0.0,0.0,0.0,0.0,0.0,1,0
706,78,73,62,85,85,89,87,93,5,7.3,0.0,0.0,0.0,0.0,0.0,1,0
707,93,87,87,81,74,63,82,85,2,7.3,0.0,0.0,0.0,0.0,0.0,1,2
708,76,70,90,67,91,93,77,83,5,7.3,0.0,0.0,0.0,0.0,0.0,0,2
709,81,88,91,76,64,90,82,93,3,7.9,0.0,0.0,0.0,0.0,0.0,0,2
710,65,92,60,92,86,60,61,60,1,8.1,5.0,0.0,0.0,0.0,0.0,1,1
711,71,83,92,88,84,60,73,90,5,6.8,6.0,0.0,0.0,0.0,0.0,0,1
712,90,72,91,62,65,85,86,82,1,6.9,6.0,0.0,0.0,0.0,0.0,0,0
713,81,64,90,85,75,82,83,93,7,7.1,6.0,0.0,0.0,0.0,0.0,0,1
714,91,85,68,93,91,75,87,72,7,7.0,8.0,0.0,0.0,0.0,0.0,1,0
715,89,73,70,65,67,67,60,71,9,6.5,4.0,0.0,0.0,0.0,0.0,1,0
716,71,82,79,91,87,78,88,74,6,6.3,5.0,0.0,0.0,0.0,0.0,0,2
717,63,62,85,78,78,89,88,79,1,7.2,2.0,0.0,0.0,0.0,0.0,0,1
718,76,94,74,73,82,89,64,92,2,6.7,5.0,0.0,0.0,0.0,0.0,0,2
719,75,84,64,68,90,74,82,88,4,6.9,5.0,0.0,0.0,0.0,0.0,0,0
720,61,91,74,61,79,69,92,74,5,6.5,2.0,0.0,0.0,0.0,0.0,0,1
721,88,65,84,73,83,94,92,66,2,6.9,4.0,0.0,0.0,0.0,0.0,1,1
722,93,79,91,76,68,89,91,81,5,7.2,4.0,0.0,0.0,0.0,0.0,1,1
723,61,79,75,87,68,75,81,70,9,7.0,2.0,0.0,0.0,0.0,0.0,0,1
724,74,77,83,65,71,69,68,91,5,7.5,0.0,0.0,0.0,0.0,0.0,0,0
725,92,77,89,93,72,60,94,86,1,7.6,6.0,0.0,0.0,0.0,0.0,0,1
726,66,81,89,68,75,72,77,83,9,7.8,3.0,0.0,0.0,0.0,0.0,1,0
727,81,87,73,71,74,79,65,74,4,7.8,3.0,0.0,0.0,0.0,0.0,1,1
728,65,73,74,69,81,73,86,79,4,0.0,3.0,0.0,0.0,0.0,0.0,1,1
729,66,81,63,71,63,64,72,83,7,7.5,3.0,0.0,0.0,0.0,0.0,0,0
730,65,63,64,68,69,71,64,82,5,7.4,7.0,0.0,0.0,0.0,0.0,1,2
731,63,80,88,61,79,80,60,81,5,6.9,4.0,0.0,0.0,0.0,0.0,1,1
732,60,69,70,65,71,91,90,73,8,6.8,9.0,0.0,0.0,0.0,0.0,0,0
733,83,77,70,61,67,78,60,72,4,6.8,9.0,0.0,0.0,0.0,0.0,1,0
734,78,86,92,75,60,80,90,93,4,6.9,7.0,0.0,0.0,0.0,0.0,1,0
735,86,65,93,85,84,91,82,94,4,7.6,6.0,0.0,0.0,0.0,0.0,0,2
736,66,74,94,72,70,69,73,76,4,7.7,8.0,0.0,0.0,0.0,0.0,1,0
737,60,82,91,62,75,84,73,91,7,7.6,4.0,0.0,0.0,0.0,0.0,1,0
738,93,67,90,77,93,74,61,66,2,7.6,2.0,0.0,0.0,0.0,0.0,1,1
739,71,91,81,90,77,62,64,71,9,7.1,7.0,0.0,0.0,0.0,0.0,0,2
740,78,94,72,69,74,71,75,91,2,7.7,11.0,0.0,0.0,0.0,0.0,0,0
741,87,61,88,61,89,74,81,81,5,7.0,2.0,0.0,0.0,0.0,0.0,0,1
742,69,60,91,61,69,88,63,80,9,7.2,9.0,0.0,0.0,0.0,0.0,1,1
743,72,75,61,85,75,80,86,65,6,6.7,5.0,0.0,0.0,0.0,0.0,1,1
744,68,84,61,85,88,79,77,89,5,7.3,8.0,0.0,0.0,0.0,0.0,1,2
745,84,72,85,68,73,64,86,86,2,8.0,6.0,0.0,0.0,0.0,0.0,1,2
746,87,71,67,74,66,64,82,69,9,6.8,5.0,0.0,0.0,0.0,0.0,0,1
747,91,80,81,60,93,72,80,69,9,6.9,8.0,0.0,0.0,0.0,0.0,0,1
748,86,83,64,87,86,73,92,72,1,7.2,5.0,0.0,0.0,0.0,0.0,1,0
749,64,60,77,87,89,70,81,92,8,7.4,6.0,0.0,0.0,0.0,0.0,1,0
750,89,68,62,61,78,82,64,68,8,7.1,8.0,0.0,0.0,0.0,0.0,1,1
751,84,70,81,73,61,80,86,70,2,6.9,4.0,0.0,0.0,0.0,0.0,1,0
752,74,67,76,93,89,68,79,63,1,7.0,5.0,0.0,0.0,0.0,0.0,1,0
753,77,77,94,87,85,84,82,82,1,7.7,3.0,0.0,0.0,0.0,0.0,0,2
754,85,87,80,81,84,62,89,60,4,6.9,3.0,0.0,0.0,0.0,0.0,0,2
755,83,83,61,87,86,83,84,77,3,6.6,8.0,0.0,0.0,0.0,0.0,0,0
756,75,77,74,86,71,77,69,80,5,7.2,6.0,0.0,0.0,0.0,0.0,0,0
757,86,67,80,91,73,80,86,76,3,6.8,6.0,0.0,0.0,0.0,0.0,1,0
758,88,65,94,80,75,71,72,87,9,6.8,6.0,0.0,0.0,0.0,0.0,0,2
759,87,78,88,75,90,89,79,76,3,7.2,4.0,0.0,0.0,0.0,0.0,0,1
760,86,85,85,61,82,93,80,64,5,7.1,5.0,0.0,0.0,0.0,0.0,1,2
761,87,84,90,93,94,66,81,85,1,7.0,2.0,0.0,0.0,0.0,0.0,0,2
762,74,69,82,92,68,78,70,70,5,7.6,5.0,0.0,0.0,0.0,0.0,0,0
763,70,91,88,85,78,86,61,69,7,6.8,4.0,0.0,0.0,0.0,0.0,1,2
764,85,66,81,78,85,70,78,70,9,6.8,7.0,0.0,0.0,0.0,0.0,0,0
765,61,90,63,94,66,84,80,92,2,6.9,7.0,0.0,0.0,0.0,0.0,0,0
766,79,72,86,85,62,66,81,78,2,0.0,5.0,0.0,0.0,0.0,0.0,0,1
767,76,63,72,89,85,66,65,89,2,6.8,0.0,0.0,0.0,0.0,0.0,1,2
768,81,88,90,67,68,92,82,86,5,6.9,8.0,0.0,0.0,0.0,0.0,0,2
769,79,68,75,64,61,94,81,90,8,7.1,5.0,0.0,0.0,0.0,0.0,1,1
770,73,78,92,65,73,75,93,71,8,7.0,5.0,0.0,0.0,0.0,0.0,1,0
771,70,92,73,82,62,74,90,64,5,6.5,0.0,0.0,0.0,0.0,0.0,1,0
772,80,86,90,70,60,82,87,76,7,6.3,4.0,0.0,0.0,0.0,0.0,0,0
773,74,69,69,78,80,69,90,68,6,7.2,2.0,0.0,0.0,0.0,0.0,0,1
774,79,63,80,78,63,62,70,61,5,6.7,1.0,0.0,0.0,0.0,0.0,0,0
775,72,82,70,67,80,72,93,75,3,6.9,1.0,0.0,0.0,0.0,0.0,1,0
776,71,75,63,78,91,60,73,83,2,6.5,4.0,0.0,0.0,0.0,0.0,1,2
777,83,90,88,82,94,84,88,85,9,6.9,2.0,0.0,0.0,0.0,0.0,0,0
778,85,90,76,85,91,92,92,62,6,7.2,1.0,0.0,0.0,0.0,0.0,1,1
779,75,67,84,75,83,69,68,72,6,7.0,3.0,0.0,0.0,0.0,0.0,0,0
780,74,67,90,86,86,85,85,91,6,7.5,3.0,0.0,0.0,0.0,0.0,1,1
781,73,75,75,69,84,89,70,88,6,7.6,4.0,0.0,0.0,0.0,0.0,1,2
782,92,74,86,79,91,72,64,92,5,7.8,3.0,0.0,0.0,0.0,0.0,1,1
783,72,92,66,64,86,88,83,68,7,7.8,4.0,0.0,0.0,0.0,0.0,0,0
784,66,71,79,90,88,62,79,77,3,0.0,3.0,0.0,0.0,0.0,0.0,1,1
785,61,86,86,63,84,80,91,68,8,0.0,6.0,0.0,0.0,0.0,0.0,0,1
786,76,89,85,65,80,60,88,76,6,0.0,5.0,0.0,0.0,0.0,0.0,1,1
787,87,84,88,69,60,65,61,65,4,0.0,9.0,0.0,0.0,0.0,0.0,0,0
788,62,86,62,80,71,80,78,65,5,0.0,8.0,0.0,0.0,0.0,0.0,0,2
789,66,92,91,65,66,69,86,64,1,0.0,5.0,0.0,0.0,0.0,0.0,0,0
790,71,89,73,64,83,84,72,75,5,7.5,9.0,0.0,0.0,0.0,0.0,0,2
791,83,88,86,77,74,77,91,73,5,7.4,9.0,0.0,0.0,0.0,0.0,0,1
792,92,63,76,81,77,61,75,92,7,6.9,4.0,0.0,0.0,0.0,0.0,0,1
793,94,68,73,89,75,70,63,63,2,6.8,5.0,0.0,0.0,0.0,0.0,0,0
794,86,85,90,79,80,60,73,78,3,6.8,4.0,0.0,0.0,0.0,0.0,0,2
795,64,77,67,67,61,89,92,93,5,6.9,5.0,0.0,0.0,0.0,0.0,1,1
796,93,91,92,88,68,86,94,86,2,7.6,7.0,0.0,0.0,0.0,0.0,0,0
797,72,72,84,83,84,86,62,80,6,7.7,5.0,0.0,0.0,0.0,0.0,1,2
798,94,81,94,66,90,73,66,94,4,7.6,7.0,0.0,0.0,0.0,0.0,0,1
799,80,87,66,70,94,80,77,81,1,7.6,8.0,0.0,0.0,0.0,0.0,1,1
800,73,70,81,76,79,92,77,73,7,7.1,5.0,0.0,0.0,0.0,0.0,1,1
801,93,70,90,88,89,81,69,65,7,7.7,4.0,0.0,0.0,0.0,0.0,0,2
802,79,69,86,60,71,92,89,79,6,7.0,5.0,0.0,0.0,0.0,0.0,1,2
803,70,67,61,83,70,61,79,88,6,7.2,7.0,0.0,0.0,0.0,0.0,0,2
804,71,75,87,60,63,67,61,92,3,6.7,5.0,0.0,0.0,0.0,0.0,0,1
805,78,75,76,75,66,77,61,71,4,7.3,4.0,0.0,0.0,0.0,0.0,1,2
806,69,65,76,74,81,60,91,94,1,8.0,2.0,0.0,0.0,0.0,0.0,1,0
807,77,82,87,85,76,85,86,69,8,6.8,3.0,0.0,0.0,0.0,0.0,1,0
808,86,64,64,62,66,64,68,61,6,6.9,4.0,0.0,0.0,0.0,0.0,0,1
809,76,78,67,75,91,78,86,80,8,7.2,6.0,0.0,0.0,0.0,0.0,1,0
810,70,80,87,82,76,89,70,65,6,7.4,5.0,0.0,0.0,0.0,0.0,1,1
811,79,77,71,87,73,76,75,75,2,7.1,6.0,0.0,0.0,0.0,0.0,0,0
812,90,91,73,66,86,64,94,75,7,6.9,8.0,0.0,0.0,0.0,0.0,0,0
813,81,67,79,60,76,89,94,78,2,7.0,9.0,0.0,0.0,0.0,0.0,1,2
814,69,61,92,63,78,61,81,93,1,7.7,5.0,0.0,0.0,0.0,0.0,1,0
815,60,73,69,61,75,76,70,73,2,6.9,1.0,0.0,0.0,0.0,0.0,0,0
816,94,92,92,84,78,73,72,63,8,6.6,6.0,0.0,0.0,0.0,0.0,0,2
817,73,68,94,73,75,83,75,76,5,7.2,2.0,0.0,0.0,0.0,0.0,0,0
818,85,76,77,84,66,87,94,68,3,6.8,8.0,0.0,0.0,0.0,0.0,1,2
819,72,69,62,72,77,61,69,83,4,6.8,4.0,0.0,0.0,0.0,0.0,0,2
820,81,65,78,86,86,94,74,69,4,7.2,2.0,0.0,0.0,0.0,0.0,1,1
821,90,65,63,83,86,77,82,81,6,7.1,5.0,0.0,0.0,0.0,0.0,1,1
822,79,61,68,92,93,61,76,83,7,7.0,9.0,0.0,0.0,0.0,0.0,1,1
823,74,69,76,72,70,86,60,94,9,7.6,8.0,0.0,0.0,0.0,0.0,1,0
824,66,72,68,80,63,90,73,92,8,6.8,7.0,0.0,0.0,0.0,0.0,0,1
825,79,79,69,74,74,93,89,71,3,6.8,4.0,0.0,0.0,0.0,0.0,0,0
826,89,72,81,93,63,85,93,63,4,6.9,8.0,0.0,0.0,0.0,0.0,1,0
827,75,67,92,73,67,68,65,79,5,6.4,6.0,0.0,0.0,0.0,0.0,1,1
828,89,88,77,67,82,84,88,65,8,6.8,9.0,0.0,0.0,0.0,0.0,0,1
829,76,82,65,93,69,88,94,72,8,7.0,6.0,0.0,0.0,0.0,0.0,1,1
830,68,92,75,82,63,78,90,89,1,7.5,8.0,0.0,0.0,0.0,0.0,0,0
831,90,62,75,61,86,74,73,85,8,7.0,2.0,0.0,0.0,0.0,0.0,0,2
832,64,87,89,80,86,70,86,75,7,7.0,2.0,0.0,0.0,0.0,0.0,1,0
833,93,70,81,89,94,68,86,92,3,6.9,8.0,0.0,0.0,0.0,0.0,0,1
834,78,65,65,65,61,67,85,90,9,6.7,4.0,0.0,0.0,0.0,0.0,0,1
835,92,75,90,69,71,89,78,84,8,6.8,6.0,0.0,0.0,0.0,0.0,1,0
836,87,60,75,76,65,66,75,91,7,6.4,4.0,0.0,0.0,0.0,0.0,1,1
837,64,88,63,70,72,90,61,64,8,7.6,5.0,0.0,0.0,0.0,0.0,0,0
838,92,81,65,76,64,85,88,78,3,6.5,3.0,0.0,0.0,0.0,0.0,0,1
839,60,61,65,67,61,85,88,91,8,7.1,2.0,0.0,0.0,0.0,0.0,0,2
840,73,89,82,67,92,74,78,69,8,7.5,5.0,0.0,0.0,0.0,0.0,1,0
841,67,60,84,68,74,72,82,66,6,7.4,4.0,0.0,0.0,0.0,0.0,0,0
842,72,73,64,91,63,81,94,90,4,6.7,8.0,0.0,0.0,0.0,0.0,1,0
843,74,62,89,67,68,65,92,82,5,7.5,2.0,0.0,0.0,0.0,0.0,1,0
844,69,69,91,80,85,75,61,69,5,6.3,7.0,0.0,0.0,0.0,0.0,1,2
845,81,88,78,72,94,64,79,93,9,7.8,4.0,0.0,0.0,0.0,0.0,0,1
846,72,73,68,69,73,78,94,74,6,7.9,1.0,0.0,0.0,0.0,0.0,1,0
847,83,83,72,84,67,72,74,86,8,7.7,7.0,0.0,0.0,0.0,0.0,0,0
848,81,87,68,76,82,75,91,84,5,7.8,2.0,0.0,0.0,0.0,0.0,1,2
849,62,64,77,91,88,61,88,86,4,7.3,6.0,0.0,0.0,0.0,0.0,0,0
850,67,92,77,89,68,72,84,64,5,7.9,6.0,0.0,0.0,0.0,0.0,0,0
851,69,70,83,91,86,94,73,77,2,7.6,6.0,0.0,0.0,0.0,0.0,0,1
852,91,74,64,76,91,93,94,74,2,7.4,5.0,0.0,0.0,0.0,0.0,1,2
853,65,60,70,73,80,82,64,78,4,7.7,2.0,0.0,0.0,0.0,0.0,0,1
854,71,68,89,68,65,66,90,64,9,7.6,3.0,0.0,0.0,0.0,0.0,0,2
855,77,71,72,76,67,61,70,78,9,7.4,2.0,0.0,0.0,0.0,0.0,0,0
856,67,82,75,73,92,71,76,90,1,7.7,4.0,0.0,0.0,0.0,0.0,0,2
857,65,60,77,70,87,85,62,94,4,7.4,5.0,0.0,0.0,0.0,0.0,0,2
858,79,73,76,67,84,88,92,73,7,7.5,3.0,0.0,0.0,0.0,0.0,0,1
859,84,74,72,93,83,60,88,79,2,7.3,2.0,0.0,0.0,0.0,0.0,1,2
860,83,64,82,86,71,80,75,66,3,7.4,2.0,0.0,0.0,0.0,0.0,0,0
861,71,67,70,84,87,76,69,93,6,7.3,2.0,0.0,0.0,0.0,0.0,1,1
862,78,74,69,90,78,66,85,63,1,7.3,4.0,0.0,0.0,0.0,0.0,1,2
863,65,80,86,72,61,71,70,78,2,7.4,2.0,0.0,0.0,0.0,0.0,1,0
864,80,89,71,72,73,75,64,94,9,7.8,4.0,0.0,0.0,0.0,0.0,1,2
865,69,84,61,93,85,77,74,78,7,7.3,4.0,0.0,0.0,0.0,0.0,0,2
866,69,84,83,81,94,88,75,72,2,7.2,5.0,0.0,0.0,0.0,0.0,0,0
867,65,85,83,83,73,71,94,89,6,7.3,6.0,0.0,0.0,0.0,0.0,1,1
868,89,71,76,77,70,67,62,80,3,7.3,4.0,0.0,0.0,0.0,0.0,1,0
869,94,74,66,79,80,82,66,93,9,7.3,5.0,0.0,0.0,0.0,0.0,0,0
870,87,70,72,66,84,71,89,64,2,7.9,7.0,0.0,0.0,0.0,0.0,0,1
871,78,65,67,62,70,72,66,94,4,8.1,7.0,0.0,0.0,0.0,0.0,1,2
872,77,77,86,67,76,70,88,73,4,0.0,5.0,0.0,0.0,0.0,0.0,0,0
873,72,61,80,64,71,61,77,88,2,0.0,9.0,0.0,0.0,0.0,0.0,1,2
874,88,91,94,64,60,86,82,79,9,0.0,2.0,0.0,0.0,0.0,0.0,0,2
875,68,81,67,74,79,74,62,84,7,0.0,2.0,0.0,0.0,0.0,0.0,0,0
876,70,60,70,66,84,64,94,81,5,0.0,5.0,0.0,0.0,0.0,0.0,0,0
877,72,84,94,79,61,87,78,80,5,7.5,3.0,0.0,0.0,0.0,0.0,1,1
878,64,91,83,65,76,69,68,82,3,7.4,3.0,0.0,0.0,0.0,0.0,0,2
879,65,78,76,80,92,69,83,75,3,6.9,7.0,0.0,0.0,0.0,0.0,1,1
880,60,69,74,65,77,80,92,82,7,6.8,4.0,0.0,0.0,0.0,0.0,0,0
881,86,64,82,87,85,63,64,71,5,6.8,5.0,0.0,0.0,0.0,0.0,0,0
882,89,60,85,75,65,68,75,77,3,6.9,3.0,0.0,0.0,0.0,0.0,1,0
883,88,75,81,73,60,81,75,73,4,7.6,6.0,0.0,0.0,0.0,0.0,1,2
884,61,93,83,84,82,71,76,88,8,7.7,1.0,0.0,0.0,0.0,0.0,0,0
885,61,94,85,63,82,76,69,65,2,7.6,11.0,0.0,0.0,0.0,0.0,0,1
886,79,69,93,94,72,77,60,69,8,7.6,4.0,0.0,0.0,0.0,0.0,0,1
887,80,62,72,85,76,68,65,81,4,7.1,8.0,0.0,0.0,0.0,0.0,1,0
888,63,77,70,70,62,68,62,93,5,7.7,7.0,0.0,0.0,0.0,0.0,1,1
889,73,68,92,68,62,70,78,85,4,7.0,5.0,0.0,0.0,0.0,0.0,1,0
890,74,76,61,79,80,70,60,71,8,7.2,4.0,0.0,0.0,0.0,0.0,0,2
891,89,80,87,73,65,71,77,65,5,6.7,5.0,0.0,0.0,0.0,0.0,1,0
892,73,82,70,81,91,82,77,94,6,7.3,7.0,0.0,0.0,0.0,0.0,1,1
893,64,82,68,81,88,92,64,63,1,8.0,7.0,0.0,0.0,0.0,0.0,0,0
894,89,62,61,81,63,86,64,65,8,6.8,2.0,0.0,0.0,0.0,0.0,0,2
895,88,71,71,92,74,70,62,92,5,6.9,2.0,0.0,0.0,0.0,0.0,0,2
896,67,79,87,79,70,69,88,75,2,7.2,3.0,0.0,0.0,0.0,0.0,0,0
897,62,82,71,83,66,77,72,72,8,7.4,3.0,0.0,0.0,0.0,0.0,1,0
898,65,75,66,65,74,65,87,83,9,7.1,2.0,0.0,0.0,0.0,0.0,0,0
899,91,76,62,67,68,60,87,91,3,6.9,3.0,0.0,0.0,0.0,0.0,1,2
900,76,75,82,78,89,83,71,86,8,7.0,12.0,0.0,0.0,0.0,0.0,1,0
901,67,88,85,83,81,62,71,90,7,7.7,0.0,0.0,0.0,0.0,0.0,0,0
902,89,72,68,63,94,61,86,75,5,6.9,12.0,0.0,0.0,0.0,0.0,1,1
903,94,93,93,78,79,64,64,84,4,6.6,4.0,0.0,0.0,0.0,0.0,1,2
904,91,69,87,74,85,92,84,86,2,7.2,5.0,0.0,0.0,0.0,0.0,1,1
905,67,66,78,66,91,74,90,73,3,6.8,6.0,0.0,0.0,0.0,0.0,1,2
906,86,85,76,82,93,64,64,88,4,6.8,4.0,0.0,0.0,0.0,0.0,0,1
907,70,92,76,71,90,80,83,72,6,7.2,0.0,0.0,0.0,0.0,0.0,1,1
908,64,65,66,70,93,61,78,80,5,7.1,7.0,0.0,0.0,0.0,0.0,1,1
909,68,62,60,64,92,66,77,64,6,7.0,5.0,0.0,0.0,0.0,0.0,0,0
910,91,93,79,65,93,91,89,81,8,7.6,6.0,0.0,0.0,0.0,0.0,1,1
911,93,61,61,93,63,74,77,82,9,6.8,2.0,0.0,0.0,0.0,0.0,0,2
912,79,94,63,87,61,87,88,62,5,6.8,5.0,0.0,0.0,0.0,0.0,0,0
913,69,64,77,70,69,86,62,61,1,6.9,3.0,0.0,0.0,0.0,0.0,1,0
914,64,89,77,84,94,79,94,65,6,6.8,2.0,0.0,0.0,0.0,0.0,0,0
915,90,81,70,80,69,72,94,88,2,6.9,4.0,0.0,0.0,0.0,0.0,0,0
916,88,67,87,85,61,71,91,72,6,7.1,5.0,0.0,0.0,0.0,0.0,1,2
917,68,81,74,65,89,77,67,80,3,7.0,2.0,0.0,0.0,0.0,0.0,0,2
918,88,62,78,65,83,63,81,65,3,6.5,4.0,0.0,0.0,0.0,0.0,0,2
919,84,68,75,62,94,78,86,72,3,6.3,2.0,0.0,0.0,0.0,0.0,1,1
920,67,78,93,89,81,93,67,72,6,7.2,2.0,0.0,0.0,0.0,0.0,0,1
921,81,77,75,62,85,70,88,91,5,6.7,7.0,0.0,0.0,0.0,0.0,1,0
922,69,71,78,75,88,61,66,82,3,6.9,6.0,0.0,0.0,0.0,0.0,1,0
923,84,74,60,76,85,92,70,73,1,6.5,6.0,0.0,0.0,0.0,0.0,0,0
924,64,65,64,85,60,68,68,76,7,6.9,2.0,0.0,0.0,0.0,0.0,1,1
925,83,64,79,87,64,84,80,81,9,7.2,3.0,0.0,0.0,0.0,0.0,0,2
926,69,67,80,84,64,62,84,88,2,7.0,2.0,0.0,0.0,0.0,0.0,0,1
927,73,67,80,78,92,82,84,67,4,7.5,11.0,0.0,0.0,0.0,0.0,1,2
928,81,62,92,61,87,64,82,65,4,7.6,1.0,0.0,0.0,0.0,0.0,1,2
929,94,61,91,79,81,70,77,87,7,7.8,4.0,0.0,0.0,0.0,0.0,1,0
930,65,61,90,82,86,76,94,69,8,7.8,2.0,0.0,0.0,0.0,0.0,1,1
931,91,89,73,71,62,81,92,72,6,6.8,4.0,0.0,0.0,0.0,0.0,0,2
932,79,69,61,92,84,69,65,91,3,6.9,5.0,0.0,0.0,0.0,0.0,1,2
933,71,89,89,64,63,66,64,84,4,7.6,1.0,0.0,0.0,0.0,0.0,1,1
934,61,67,78,73,85,83,80,78,7,7.7,2.0,0.0,0.0,0.0,0.0,0,0
935,62,80,77,78,78,94,69,70,2,7.6,0.0,0.0,0.0,0.0,0.0,0,0
936,79,78,81,83,93,62,67,90,7,7.6,5.0,0.0,0.0,0.0,0.0,0,1
937,60,67,81,68,67,66,83,71,8,7.1,2.0,0.0,0.0,0.0,0.0,1,2
938,62,69,91,92,79,61,85,62,2,7.7,4.0,0.0,0.0,0.0,0.0,1,1
939,82,77,66,91,85,74,80,89,3,7.0,3.0,0.0,0.0,0.0,0.0,1,1
940,71,83,79,89,87,79,89,87,1,7.2,2.0,0.0,0.0,0.0,0.0,1,1
941,77,64,63,68,63,66,81,81,2,6.7,7.0,0.0,0.0,0.0,0.0,1,1
942,60,66,90,84,82,86,85,87,7,7.3,2.0,0.0,0.0,0.0,0.0,1,0
943,86,92,80,93,86,88,91,77,1,8.0,1.0,0.0,0.0,0.0,0.0,1,1
944,71,71,64,82,86,92,69,93,1,6.8,3.0,0.0,0.0,0.0,0.0,1,1
945,63,72,85,63,71,62,67,78,4,6.9,1.0,0.0,0.0,0.0,0.0,0,1
946,82,75,70,65,75,84,87,76,9,7.2,2.0,0.0,0.0,0.0,0.0,1,2
947,92,91,89,67,91,73,62,76,3,7.4,3.0,0.0,0.0,0.0,0.0,1,0
948,78,89,84,90,71,68,80,94,9,7.1,5.0,0.0,0.0,0.0,0.0,0,0
949,88,93,94,73,84,64,91,60,9,6.9,2.0,0.0,0.0,0.0,0.0,0,0
950,81,66,75,69,83,63,66,75,7,7.0,9.0,0.0,0.0,0.0,0.0,0,2
951,75,66,84,66,76,72,69,63,6,7.7,5.0,0.0,0.0,0.0,0.0,1,0
952,83,74,82,73,69,71,62,68,9,6.9,4.0,0.0,0.0,0.0,0.0,1,0
953,84,71,82,91,79,85,68,71,6,6.6,2.0,0.0,0.0,0.0,0.0,1,0
954,64,74,83,68,82,93,77,71,9,7.2,1.0,0.0,0.0,0.0,0.0,0,0
955,61,80,83,88,74,74,92,75,3,6.8,7.0,0.0,0.0,0.0,0.0,1,0
956,88,79,89,94,67,68,88,81,5,6.8,2.0,0.0,0.0,0.0,0.0,1,1
957,68,81,94,89,83,71,60,66,6,7.2,1.0,0.0,0.0,0.0,0.0,0,2
958,79,75,64,74,81,62,64,88,9,7.1,8.0,0.0,0.0,0.0,0.0,1,2
959,62,91,67,76,74,72,74,61,2,7.0,6.0,0.0,0.0,0.0,0.0,1,1
960,68,93,85,94,86,76,91,86,2,7.6,2.0,0.0,0.0,0.0,0.0,1,2
961,92,68,74,75,91,67,88,86,4,6.8,8.0,0.0,0.0,0.0,0.0,0,0
962,72,72,74,77,75,70,82,77,8,6.8,7.0,0.0,0.0,0.0,0.0,0,0
963,66,69,93,66,84,65,66,81,9,6.9,6.0,0.0,0.0,0.0,0.0,1,2
964,75,79,78,84,70,86,73,60,4,7.2,8.0,0.0,0.0,0.0,0.0,0,0
965,84,86,75,74,79,74,68,60,6,7.1,0.0,0.0,0.0,0.0,0.0,1,2
966,83,64,82,71,91,63,80,77,1,7.0,3.0,0.0,0.0,0.0,0.0,1,0
967,78,62,77,94,90,60,61,65,9,7.6,2.0,0.0,0.0,0.0,0.0,0,1
968,78,85,61,80,67,77,68,90,8,6.8,7.0,0.0,0.0,0.0,0.0,1,2
969,83,84,93,66,60,68,79,63,8,6.8,5.0,0.0,0.0,0.0,0.0,1,1
970,65,62,65,75,82,86,68,93,8,6.9,4.0,0.0,0.0,0.0,0.0,0,0
971,72,82,72,74,83,88,63,61,2,7.9,9.0,0.0,0.0,0.0,0.0,1,0
972,83,67,84,71,78,73,91,74,3,7.6,8.0,0.0,0.0,0.0,0.0,0,2
973,93,69,80,64,92,81,73,90,1,7.4,11.0,0.0,0.0,0.0,0.0,0,1
974,66,70,93,89,84,81,67,87,6,7.7,6.0,0.0,0.0,0.0,0.0,1,1
975,82,61,88,70,69,93,77,85,4,7.6,1.0,0.0,0.0,0.0,0.0,1,1
976,72,77,65,78,82,69,67,92,3,7.4,5.0,0.0,0.0,0.0,0.0,0,2
977,91,91,77,63,66,61,82,88,7,7.7,8.0,0.0,0.0,0.0,0.0,1,1
978,85,90,88,67,76,86,78,94,1,7.4,7.0,0.0,0.0,0.0,0.0,0,1
979,63,80,87,80,89,77,76,62,3,7.5,5.0,0.0,0.0,0.0,0.0,1,2
980,69,64,63,85,76,60,63,75,6,7.3,4.0,0.0,0.0,0.0,0.0,1,0
981,78,61,80,93,89,89,91,62,9,7.4,6.0,0.0,0.0,0.0,0.0,1,2
982,76,85,79,70,77,89,82,81,3,7.3,5.0,0.0,0.0,0.0,0.0,1,2
983,67,70,87,86,62,87,85,64,9,7.3,1.0,0.0,0.0,0.0,0.0,0,1
984,91,62,68,76,89,67,85,78,1,7.4,1.0,0.0,0.0,0.0,0.0,0,1
985,83,90,89,69,60,79,89,90,6,7.8,1.0,0.0,0.0,0.0,0.0,0,0
986,67,66,80,65,78,68,92,75,1,7.3,1.0,0.0,0.0,0.0,0.0,1,2
987,62,90,86,63,73,66,63,67,7,7.2,1.0,0.0,0.0,0.0,0.0,0,0
988,66,64,77,85,80,82,72,90,7,7.3,0.0,0.0,0.0,0.0,0.0,0,1
989,64,68,87,62,72,61,79,69,6,7.3,5.0,0.0,0.0,0.0,0.0,1,2
990,85,86,66,87,69,77,68,74,8,7.3,5.0,0.0,0.0,0.0,0.0,0,1
991,86,94,70,84,74,88,86,91,7,7.9,3.0,0.0,0.0,0.0,0.0,0,1
992,82,90,94,87,85,68,64,90,2,8.1,3.0,0.0,0.0,0.0,0.0,0,2
993,79,70,91,62,93,81,84,68,5,0.0,0.0,0.0,0.0,0.0,0.0,0,0
994,61,71,94,80,82,88,91,77,5,0.0,6.0,0.0,0.0,0.0,0.0,0,0
995,63,82,76,71,83,86,90,91,4,6.5,5.0,0.0,0.0,0.0,0.0,0,1
996,60,66,93,93,88,85,91,66,6,7.1,4.0,0.0,0.0,0.0,0.0,0,0
997,80,74,93,62,63,91,91,80,3,7.5,2.0,0.0,0.0,0.0,0.0,1,2
998,65,67,79,62,84,76,88,81,1,7.4,5.0,0.0,0.0,0.0,0.0,0,2
999,65,86,72,60,70,66,85,65,7,6.7,8.0,0.0,0.0,0.0,0.0,1,2
1000,67,65,65,88,83,81,69,60,4,7.5,7.0,0.0,0.0,0.0,0.0,1,0
1001,81,94,72,75,77,66,79,79,8,6.3,6.0,0.0,0.0,0.0,0.0,0,2
1002,62,63,83,60,73,70,72,89,7,7.8,5.0,0.0,0.0,0.0,0.0,1,1
1003,68,64,63,74,91,88,77,60,5,7.9,4.0,0.0,0.0,0.0,0.0,1,1
1004,63,74,89,70,84,62,78,89,9,7.7,2.0,0.0,0.0,0.0,0.0,1,2
1005,91,70,63,65,69,93,88,71,8,7.8,1.0,0.0,0.0,0.0,0.0,1,2
1006,88,77,61,90,79,91,62,66,3,7.3,4.0,0.0,0.0,0.0,0.0,0,2
1007,65,87,73,76,69,67,89,69,1,7.9,2.0,0.0,0.0,0.0,0.0,1,0
1008,88,85,68,84,88,66,86,76,2,7.6,1.0,0.0,0.0,0.0,0.0,0,0
1009,76,63,92,74,76,81,76,87,8,7.4,7.0,0.0,0.0,0.0,0.0,1,0
1010,74,94,94,82,64,92,84,67,4,7.7,5.0,0.0,0.0,0.0,0.0,0,2
1011,60,84,84,70,80,78,64,83,8,7.6,8.0,0.0,0.0,0.0,0.0,1,0
1012,91,61,83,80,88,62,88,76,9,7.4,5.0,0.0,0.0,0.0,0.0,0,0
